井名,深度,GR,SP,AC,AC1,CAL,U,DEN,DEN1,CNL,CNL1,PE,RD,RS,log（RD）,log（RS）,m2r3,m2r6,m2r9,POR,SW,PERM,试油结论,层位,∆ Φ1,∆ Φ2,∆ Φ3,备注,y_fine,y_coarse
靖53-1,4285.0,17.804,30.437,159.915,0.611,21.689,1.464,2.743,0.089,3.933,0.08,3.65,312.95,345.971,2.49547495588931,2.53903969686269,160.561,160.561,160.27,0.01,100.0,0.001,气层,马五41a,-0.0435647409733733,-0.00899999999999999,0.691,单采,气层,气层优势类
靖53-1,4285.125,19.985,30.231,160.901,0.589,21.697,1.68,2.739,0.11,3.953,0.082,3.549,290.998,322.37,2.46389000413385,2.50835461923518,159.558,159.558,159.151,0.01,100.0,0.001,气层,马五41a,-0.0444646151013282,-0.028,0.671,单采,气层,气层优势类
靖53-1,4285.25,23.094,30.03,162.064,0.524,21.701,2.024,2.727,0.135,3.823,0.069,3.605,284.926,315.878,2.45473208118515,2.49951937958886,161.888,161.888,161.337,0.01,100.0,0.001,气层,马五41a,-0.0447872984037123,-0.066,0.593,单采,气层,气层优势类
靖53-1,4285.375,28.887,29.693,162.801,0.416,21.696,2.613,2.707,0.151,3.412,0.027,3.937,299.403,331.664,2.47625614763335,2.5206983341971,163.423,163.423,162.731,0.01,100.0,0.001,气层,马五41a,-0.0444421865637485,-0.124,0.443,单采,气层,气层优势类
靖53-1,4285.5,29.902,29.55,163.071,0.357,21.69,2.716,2.696,0.157,3.14,0.0,4.182,308.254,341.512,2.48890872084492,2.53340596846329,160.766,160.766,159.727,0.01,100.0,0.001,气层,马五41a,-0.0444972476183736,-0.157,0.357,单采,气层,气层优势类
靖53-1,4285.625,28.742,29.436,163.247,0.341,21.69,2.632,2.693,0.161,3.173,0.003,4.238,313.046,347.133,2.49560815888291,2.54049590159035,153.583,153.583,152.436,0.01,100.0,0.001,气层,马五41a,-0.0448877427074375,-0.158,0.344,单采,气层,气层优势类
靖53-1,4285.75,25.845,29.355,163.488,0.335,21.7,2.364,2.692,0.166,3.348,0.021,4.213,312.02,346.586,2.49418243251606,2.53981101583449,140.415,140.415,139.204,0.01,100.0,0.001,气层,马五41a,-0.0456285833184316,-0.145,0.356,单采,气层,气层优势类
靖53-1,4285.875,19.938,29.296,163.635,0.368,21.738,1.764,2.698,0.169,3.78,0.064,3.993,293.967,328.049,2.46829858033633,2.51593871822457,127.629,127.629,126.424,0.01,100.0,0.001,气层,马五41a,-0.0476401378882403,-0.105,0.432,单采,气层,气层优势类
靖53-1,4286.0,18.178,29.32,163.676,0.411,21.752,1.624,2.706,0.17,4.248,0.111,3.784,273.39,306.109,2.43678262499316,2.48587609860379,110.05,110.05,108.896,0.133,98.489,0.001,气层,马五41a,-0.0490934736106352,-0.059,0.522,单采,气层,气层优势类
靖53-1,4286.125,17.249,29.379,163.706,0.438,21.757,1.584,2.711,0.171,4.675,0.154,3.685,246.549,277.227,2.39190324537714,2.44283552529034,101.066,101.066,99.94,2.642,67.917,0.01,气层,马五41a,-0.0509322799132006,-0.017,0.592,单采,气层,气层优势类
靖53-1,4286.25,16.817,29.48,163.669,0.459,21.753,1.572,2.715,0.17,5.15,0.202,3.586,216.263,244.496,2.33498222322851,2.38827175837932,95.29,95.29,94.175,2.638,70.27,0.01,气层,马五41a,-0.0532895351508142,0.032,0.661,单采,气层,气层优势类
靖53-1,4286.375,16.297,29.752,163.602,0.449,21.738,1.537,2.713,0.168,5.94,0.282,3.399,167.85,192.156,2.22492134558403,2.28365394969659,92.442,92.442,91.315,3.458,53.242,0.01,气层,马五41a,-0.0587326041125578,0.114,0.731,单采,气层,气层优势类
靖53-1,4286.5,15.832,29.928,163.482,0.432,21.734,1.522,2.71,0.166,6.533,0.341,3.282,151.644,174.768,2.18082523153794,2.24246191630953,90.256,90.256,89.007,4.173,43.958,0.01,气层,马五41a,-0.0616366847715932,0.175,0.773,单采,气层,气层优势类
靖53-1,4286.625,15.058,30.124,163.257,0.443,21.732,1.51,2.712,0.161,6.773,0.365,3.265,141.254,163.793,2.15000075492214,2.21429533743457,90.862,90.862,89.533,4.135,44.254,0.01,气层,马五41a,-0.064294582512435,0.204,0.808,单采,气层,气层优势类
靖53-1,4286.75,14.05,30.349,162.674,0.459,21.729,1.494,2.715,0.148,6.889,0.377,3.285,136.363,158.95,2.13469654718515,2.20126053225079,91.748,91.748,90.362,4.112,44.307,0.01,气层,马五41a,-0.0665639850656468,0.229,0.836,单采,气层,气层优势类
靖53-1,4286.875,12.654,30.815,162.1,0.47,21.722,1.455,2.717,0.136,6.977,0.386,3.326,137.631,161.603,2.13871626538647,2.20844941876129,93.324,93.324,91.858,4.137,43.645,0.01,气层,马五41a,-0.0697331533748233,0.25,0.856,单采,气层,气层优势类
靖53-1,4287.0,12.461,31.077,161.714,0.481,21.72,1.44,2.719,0.128,7.031,0.391,3.328,141.911,167.105,2.15201606039156,2.22298944474631,96.55,96.55,94.972,4.08,43.592,0.01,气层,马五41a,-0.0709733843547533,0.263,0.872,单采,气层,气层优势类
靖53-1,4287.125,12.438,31.356,161.427,0.508,21.721,1.426,2.724,0.121,7.012,0.389,3.289,146.625,173.091,2.16620802512359,2.23827448698601,97.842,97.842,96.25,3.986,44.391,0.01,气层,马五41a,-0.0720664618624265,0.268,0.897,单采,气层,气层优势类
靖53-1,4287.25,12.6,31.668,161.263,0.546,21.726,1.407,2.731,0.118,6.91,0.379,3.214,150.541,178.128,2.17765479659954,2.25073219172437,99.969,99.969,98.37,3.859,45.458,0.01,气层,马五41a,-0.0730773951248311,0.261,0.925,单采,气层,气层优势类
靖53-1,4287.375,13.501,32.292,161.301,0.557,21.746,1.349,2.733,0.119,6.701,0.358,3.138,154.213,183.061,2.18812098584392,2.26259583043562,102.176,102.176,100.572,3.876,44.689,0.01,气层,马五41a,-0.0744748445916978,0.239,0.915,单采,气层,气层优势类
靖53-1,4287.5,14.223,32.636,161.489,0.535,21.763,1.301,2.729,0.123,6.59,0.347,3.144,155.258,184.443,2.19105398737578,2.26586217748605,111.427,111.427,109.829,3.943,42.025,0.01,气层,马五41a,-0.0748081901102684,0.224,0.882,单采,气层,气层优势类
靖53-1,4287.625,14.949,33.0,161.752,0.497,21.782,1.242,2.722,0.128,6.624,0.35,3.237,155.922,185.248,2.1929073968086,2.26775352788671,116.405,116.405,114.857,4.059,39.855,0.01,气层,马五41a,-0.0748461310781119,0.222,0.847,单采,气层,气层优势类
靖53-1,4287.75,15.565,33.403,162.249,0.459,21.801,1.18,2.715,0.139,6.702,0.358,3.387,155.615,184.808,2.19205145707045,2.26672076710408,118.545,118.545,117.106,4.132,38.717,0.01,气层,马五41a,-0.0746693100336349,0.219,0.817,单采,气层,气层优势类
靖53-1,4287.875,15.955,34.197,162.479,0.443,21.825,1.067,2.712,0.144,6.82,0.37,3.569,152.759,181.167,2.18400680670636,2.2580790927718,120.327,120.327,119.125,4.157,38.148,0.01,气层,马五41a,-0.0740722860654355,0.226,0.813,单采,气层,气层优势类
靖53-1,4288.0,15.556,34.618,162.236,0.432,21.839,1.03,2.71,0.139,6.916,0.38,3.654,151.598,179.564,2.18069347177959,2.25421927125946,121.369,121.369,120.747,4.189,37.576,0.01,气层,马五41a,-0.0735257994798704,0.241,0.812,单采,气层,气层优势类
延948-2,4181.0,24.316,38.752,170.532,0.362,21.408,2.702,2.688,0.349,2.734,0.05,3.714,357.666,350.736,2.55347765774976,2.5449803447208,334.907,334.907,352.533,2.79,65.692,0.124,气层,马五41a,0.00849731302895762,-0.299,0.412,单采,气层,气层优势类
延948-2,4181.125,24.734,38.608,169.354,0.333,21.394,2.608,2.691,0.367,2.522,0.018,3.746,440.282,417.456,2.64373093060949,2.62061070745025,418.127,418.127,440.292,2.621,63.077,0.095,气层,马五41a,0.0231202231592471,-0.349,0.351,单采,气层,气层优势类
延948-2,4181.25,26.367,38.486,167.625,0.292,21.526,2.511,2.694,0.385,2.4,0.0,3.765,523.483,480.691,2.71890258262217,2.68186599088894,504.405,504.405,531.185,2.41,62.83,0.065,气层,马五41a,0.0370365917332349,-0.385,0.292,单采,气层,气层优势类
延948-2,4181.375,28.908,38.387,166.048,0.253,21.676,2.41,2.694,0.385,2.4,0.0,3.767,564.13,512.827,2.75137919578641,2.70997088242793,545.029,545.029,573.792,2.256,64.653,0.049,气层,马五41a,0.0414083133584797,-0.385,0.253,单采,气层,气层优势类
延948-2,4181.5,31.426,38.312,164.987,0.228,21.739,2.248,2.691,0.367,2.506,0.016,3.766,548.817,506.4,2.73942755548996,2.7044936970093,529.325,529.325,557.184,2.187,67.643,0.043,气层,马五41a,0.0349338584806582,-0.351,0.244,单采,气层,气层优势类
延948-2,4181.625,32.812,38.258,164.446,0.215,21.751,2.075,2.685,0.331,2.687,0.043,3.753,492.784,475.72,2.69265659845727,2.67735141021126,455.417,455.417,479.386,2.249,69.388,0.048,气层,马五41a,0.0153051882460038,-0.288,0.258,单采,气层,气层优势类
延948-2,4181.75,32.095,38.223,164.259,0.21,21.769,1.991,2.679,0.296,2.88,0.072,3.739,461.002,450.02,2.66370280952648,2.6532318153234,433.346,433.346,456.154,2.464,65.524,0.072,气层,马五41a,0.0104709942030832,-0.224,0.282,单采,气层,气层优势类
延948-2,4181.875,30.289,38.206,164.017,0.204,21.799,2.003,2.676,0.278,3.013,0.092,3.72,460.661,439.586,2.66338144602358,2.64304385249675,436.931,436.931,459.927,2.683,60.177,0.105,气层,马五41a,0.0203375935268277,-0.186,0.296,单采,气层,气层优势类
延948-2,4182.0,28.873,38.203,163.425,0.19,21.824,2.078,2.678,0.29,3.041,0.097,3.672,465.374,433.839,2.66780211601141,2.63732859037867,446.007,446.007,469.481,2.737,58.674,0.114,气层,马五41a,0.0304735256327451,-0.193,0.287,单采,气层,气层优势类
延948-2,4182.125,28.939,38.213,162.626,0.171,21.823,2.159,2.686,0.337,2.971,0.086,3.589,447.402,415.68,2.65069792117103,2.61875912939293,429.298,429.298,451.893,2.565,63.937,0.086,气层,马五41a,0.031938791778098,-0.251,0.257,单采,气层,气层优势类
延948-2,4182.25,30.301,38.232,162.162,0.16,21.794,2.21,2.696,0.396,2.858,0.069,3.483,405.91,383.776,2.60842975072926,2.58407781200063,385.841,385.841,406.148,2.283,75.462,0.052,气层,马五41a,0.0243519387286386,-0.327,0.229,单采,气层,气层优势类
延948-2,4182.375,32.987,38.257,162.529,0.169,21.755,2.357,2.703,0.438,2.758,0.054,3.386,359.968,347.038,2.55626389509751,2.54037703181319,338.859,338.859,356.693,1.97,92.863,0.027,气层,马五41a,0.0158868632843125,-0.384,0.223,单采,气层,气层优势类
延948-2,4182.5,37.348,38.287,163.64,0.195,21.741,2.935,2.706,0.456,2.725,0.049,3.362,328.611,317.071,2.51668209701548,2.50115652233009,310.984,310.984,327.276,1.652,100.0,0.013,气层,马五41a,0.0155255746853991,-0.407,0.244,单采,气层,气层优势类
延948-2,4182.625,43.308,38.318,164.922,0.226,21.756,3.671,2.705,0.45,2.774,0.056,3.456,307.733,296.522,2.48817407066877,2.47205692071597,289.998,289.998,305.213,1.263,100.0,0.004,气层,马五41a,0.0161171499527986,-0.394,0.282,单采,气层,气层优势类
延948-2,4182.75,49.287,38.35,165.831,0.248,21.777,4.021,2.706,0.456,2.891,0.074,3.58,296.598,285.981,2.47216821819643,2.45633718043932,280.538,280.538,295.296,0.891,100.0,0.001,气层,马五41a,0.0158310377571116,-0.382,0.322,单采,气层,气层优势类
延948-2,4182.875,52.796,38.379,166.111,0.255,21.769,3.914,2.711,0.485,3.024,0.094,3.664,294.893,284.905,2.46966446364215,2.45470007104837,278.721,278.721,293.39,0.67,100.0,0.001,气层,马五41a,0.014964392593777,-0.391,0.349,单采,气层,气层优势类
延948-2,4183.0,53.278,38.406,165.679,0.245,21.724,3.701,2.719,0.533,3.131,0.11,3.712,302.683,294.953,2.48098802976556,2.46975281778545,285.679,285.679,300.715,0.609,100.0,0.001,气层,马五41a,0.01123521198011,-0.423,0.355,单采,气层,气层优势类
延948-2,4183.125,52.513,38.429,164.792,0.223,21.667,3.55,2.728,0.586,3.185,0.118,3.712,327.269,326.251,2.5149048694493,2.51355185151512,306.574,306.574,322.71,0.611,100.0,0.001,气层,马五41a,0.00135301793417408,-0.468,0.341,单采,气层,气层优势类
延948-2,4183.25,52.513,38.448,164.172,0.208,21.647,3.435,2.733,0.615,3.188,0.119,3.697,384.851,391.948,2.58529261937131,2.59322845270652,356.387,356.387,375.144,0.591,100.0,0.001,气层,马五41a,-0.00793583333520376,-0.496,0.327,单采,气层,气层优势类
延948-2,4183.375,52.084,38.462,164.039,0.205,21.689,3.307,2.731,0.604,3.129,0.11,3.699,502.961,506.948,2.70153431081845,2.70496341402514,465.499,465.499,489.999,0.621,100.0,0.001,气层,马五41a,-0.00342910320668555,-0.494,0.315,单采,气层,气层优势类
延948-2,4183.5,48.36,38.473,164.056,0.205,21.765,3.119,2.723,0.556,2.999,0.09,3.708,698.465,670.426,2.84414464854941,2.8263508484587,659.506,659.506,694.217,0.867,100.0,0.001,气层,马五41a,0.0177938000907121,-0.466,0.295,单采,气层,气层优势类
延948-2,4183.625,41.794,38.479,163.851,0.2,21.818,2.885,2.712,0.491,2.818,0.063,3.666,913.961,835.404,2.96092766417348,2.92189655038058,880.925,880.925,927.29,1.32,87.899,0.005,气层,马五41a,0.0390311137928938,-0.428,0.263,单采,气层,气层优势类
延948-2,4183.75,34.758,38.483,163.312,0.187,21.819,2.615,2.702,0.432,2.62,0.033,3.602,1054.039,937.994,3.02285668029915,2.9722000603671,1027.682,1027.682,1081.771,1.834,58.428,0.02,气层,马五41a,0.0506566199320515,-0.399,0.22,单采,气层,气层优势类
延948-2,4183.875,30.053,38.483,162.655,0.172,21.788,2.382,2.696,0.396,2.466,0.01,3.564,1032.529,924.879,3.01390225825881,2.96608491860969,1002.919,1002.919,1055.266,2.15,50.171,0.04,气层,马五41a,0.0478173396491157,-0.386,0.182,单采,气层,气层优势类
延948-2,4184.0,27.766,38.483,162.25,0.162,21.747,2.224,2.696,0.396,2.399,0.0,3.552,879.93,814.557,2.94444812462413,2.91092148019679,841.809,841.809,885.238,2.269,51.535,0.05,气层,马五41a,0.0335266444273388,-0.396,0.162,单采,气层,气层优势类
延948-2,4184.125,27.033,38.481,162.354,0.164,21.686,2.125,2.699,0.414,2.454,0.008,3.551,675.553,653.847,2.82965942693999,2.81547613543525,633.896,633.896,667.079,2.279,58.602,0.051,气层,马五41a,0.0141832915047471,-0.406,0.172,单采,气层,气层优势类
延948-2,4184.25,27.093,38.48,162.821,0.176,21.611,2.059,2.706,0.456,2.616,0.033,3.522,508.45,506.002,2.70624825167026,2.70415223341539,472.933,472.933,497.824,2.237,68.876,0.047,气层,马五41a,0.0020960182548766,-0.423,0.209,单采,气层,气层优势类
延948-2,4184.375,27.687,38.48,163.371,0.189,21.548,2.054,2.713,0.497,2.84,0.066,3.449,396.951,394.577,2.59873690035758,2.5961317665112,371.285,371.285,390.826,2.184,79.65,0.042,气层,马五41a,0.00260513384638106,-0.431,0.255,单采,气层,气层优势类
延948-2,4184.5,28.518,38.482,163.833,0.2,21.514,2.171,2.721,0.544,3.077,0.102,3.333,328.334,321.545,2.51631585759326,2.50724176072553,309.074,309.074,325.342,2.139,89.461,0.039,气层,马五41a,0.00907409686773342,-0.442,0.302,单采,气层,气层优势类
延948-2,4184.625,29.39,38.487,164.373,0.213,21.476,2.368,2.727,0.58,3.283,0.133,3.205,278.927,270.764,2.44549055579871,2.43259092131049,263.097,263.097,276.945,2.072,98.326,0.034,气层,马五41a,0.0128996344882215,-0.447,0.346,单采,气层,气层优势类
延948-2,4184.75,30.876,38.495,165.241,0.234,21.419,2.538,2.734,0.621,3.453,0.158,3.089,241.58,234.007,2.38306097693099,2.3692288489311,228.058,228.058,240.061,1.933,100.0,0.025,气层,马五41a,0.0138321279998967,-0.463,0.392,单采,气层,气层优势类
延948-2,4184.875,33.848,38.508,166.461,0.263,21.369,2.619,2.741,0.663,3.608,0.182,3.009,214.935,208.916,2.33230714173244,2.31997170204645,202.541,202.541,213.201,1.699,100.0,0.014,气层,马五41a,0.0123354396859918,-0.481,0.445,单采,气层,气层优势类
延948-2,4185.0,37.199,38.527,167.696,0.293,21.368,2.684,2.749,0.71,3.773,0.207,2.973,198.477,193.844,2.29771018690859,2.28745236295366,186.712,186.712,196.538,1.463,100.0,0.007,气层,马五41a,0.0102578239549334,-0.503,0.5,单采,气层,气层优势类
延948-2,4185.125,39.09,38.552,168.742,0.318,21.427,2.716,2.755,0.746,3.947,0.233,2.995,194.022,189.843,2.28785097702762,2.27839458821577,182.447,182.447,192.046,1.358,100.0,0.005,气层,马五41b,0.00945638881184996,-0.513,0.551,单采,气层,气层优势类
延948-2,4185.25,39.034,38.583,169.317,0.332,21.52,2.685,2.76,0.775,4.105,0.256,3.079,202.862,197.923,2.30720070284458,2.29649626511433,190.951,190.951,201.058,1.363,100.0,0.005,气层,马五41b,0.0107044377302552,-0.519,0.588,单采,气层,气层优势类
延948-2,4185.375,38.288,38.622,169.16,0.329,21.602,2.643,2.763,0.793,4.214,0.273,3.201,223.255,216.126,2.3488011940918,2.33470701573705,210.698,210.698,221.879,1.401,100.0,0.006,气层,马五41b,0.014094178354747,-0.52,0.602,单采,气层,气层优势类
延948-2,4185.5,37.296,38.668,168.234,0.306,21.635,2.664,2.767,0.817,4.215,0.273,3.325,253.556,242.452,2.40407389189458,2.3846257709856,240.403,240.403,253.055,1.42,100.0,0.006,气层,马五41b,0.0194481209089852,-0.544,0.579,单采,气层,气层优势类
延948-2,4185.625,35.858,38.722,166.931,0.275,21.604,2.754,2.771,0.84,4.05,0.248,3.418,287.551,271.627,2.45871488225795,2.43397293706725,273.914,273.914,288.33,1.423,100.0,0.006,气层,马五41b,0.0247419451907041,-0.592,0.523,单采,气层,气层优势类
延948-2,4185.75,34.327,38.783,165.447,0.239,21.539,2.844,2.772,0.846,3.731,0.2,3.476,317.974,298.22,2.50239161017889,2.47453676587209,303.69,303.69,319.674,1.414,100.0,0.006,气层,马五41b,0.0278548443068019,-0.646,0.439,单采,气层,气层优势类
延948-2,4185.875,33.414,38.852,163.737,0.198,21.485,2.892,2.769,0.828,3.319,0.138,3.523,338.663,317.504,2.5297677511956,2.50174920102007,323.347,323.347,340.365,1.377,100.0,0.006,气层,马五41b,0.0280185501755255,-0.69,0.336,单采,气层,气层优势类
延948-2,4186.0,33.322,38.929,161.97,0.155,21.467,2.911,2.76,0.775,2.94,0.081,3.579,349.456,328.496,2.54339250151186,2.51653008565073,333.113,333.113,350.645,1.37,100.0,0.005,气层,马五41b,0.0268624158611313,-0.694,0.236,单采,气层,气层优势类
延962-1,4071.0,12.416,69.879,164.774,0.184,23.748,0.771,2.692,0.308,4.509,0.131,3.329,69.48,74.151,1.84185980977506,1.87011701229702,33.517,33.517,32.994,1.903,100.0,0.01,气层,马五41a,-0.0282572025219552,-0.177,0.315,单采,气层,气层优势类
延962-1,4071.125,12.435,69.837,162.853,0.149,23.789,0.807,2.701,0.361,4.392,0.121,3.339,78.565,83.501,1.89522911484139,1.92169167658398,34.144,34.144,33.605,1.77,100.0,0.01,气层,马五41a,-0.0264625617425831,-0.24,0.27,单采,气层,气层优势类
延962-1,4071.25,12.422,69.812,159.849,0.095,23.86,0.844,2.71,0.414,4.411,0.123,3.303,89.323,94.674,1.95096330084775,1.97623072655468,34.789,34.789,34.239,1.641,100.0,0.01,气层,马五41a,-0.0252674257069299,-0.291,0.218,单采,气层,气层优势类
延962-1,4071.375,12.417,69.809,158.676,0.073,23.949,0.88,2.718,0.462,4.598,0.138,3.265,94.415,100.252,1.97504099747305,2.00109304543486,35.339,35.339,34.787,1.854,100.0,0.01,气层,马五41a,-0.0260520479618078,-0.324,0.211,单采,气层,气层优势类
延962-1,4071.5,12.934,69.812,160.04,0.098,24.154,0.942,2.721,0.479,5.44,0.207,3.187,96.265,102.434,1.98346841516406,2.01044413204546,36.254,36.254,35.727,2.299,100.0,0.01,气层,马五41a,-0.0269757168813964,-0.272,0.305,单采,气层,气层优势类
延962-1,4071.625,13.419,69.82,162.683,0.146,24.26,0.975,2.716,0.45,5.952,0.248,3.224,92.575,98.548,1.96649372072148,1.99364781483791,36.846,36.846,36.342,2.682,96.182,0.01,气层,马五41a,-0.027154094116431,-0.202,0.394,单采,气层,气层优势类
延962-1,4071.75,13.997,69.831,167.217,0.228,24.361,1.012,2.708,0.402,6.41,0.286,3.276,84.528,89.717,1.92700059334286,1.95287474300691,37.725,37.725,37.247,3.244,88.505,0.01,气层,马五41a,-0.0258741496640458,-0.116,0.514,单采,气层,气层优势类
延962-1,4071.875,14.549,69.84,170.185,0.282,24.451,1.048,2.7,0.355,6.768,0.315,3.309,78.691,82.825,1.89592506433051,1.918161444554,38.927,38.927,38.563,3.386,82.116,0.01,气层,马五41a,-0.0222363802234911,-0.04,0.597,单采,气层,气层优势类
延962-1,4072.0,14.583,69.85,170.857,0.294,24.563,1.113,2.688,0.284,7.113,0.343,3.323,75.706,78.89,1.87913030041989,1.89702195606036,42.699,42.699,42.556,3.806,70.222,0.01,气层,马五41a,-0.0178916556404753,0.0590000000000001,0.637,单采,气层,气层优势类
延962-1,4072.125,13.943,69.868,170.784,0.293,24.577,1.15,2.687,0.278,7.141,0.345,3.232,75.453,78.041,1.87767651193857,1.89232282571094,45.305,45.305,45.161,4.26,59.626,0.01,气层,马五41a,-0.0146463137723716,0.0669999999999999,0.638,单采,气层,气层优势类
延962-1,4072.25,13.255,69.893,170.238,0.283,24.569,1.184,2.69,0.296,7.15,0.346,3.129,76.117,78.36,1.8814816631,1.8940944273227,48.225,48.225,48.027,4.207,58.614,0.01,气层,马五41a,-0.0126127642227007,0.05,0.629,单采,气层,气层优势类
延962-1,4072.375,12.92,69.915,170.128,0.281,24.552,1.207,2.696,0.331,7.161,0.347,2.996,76.148,78.106,1.88165850123253,1.89268439708861,51.282,51.282,51.059,3.776,64.071,0.01,气层,马五41a,-0.0110258958560769,0.016,0.628,单采,气层,气层优势类
延962-1,4072.5,13.306,69.941,170.73,0.292,24.544,1.216,2.709,0.408,7.026,0.336,2.81,76.038,77.607,1.88103068525302,1.88990089553996,57.366,57.366,57.326,3.184,72.462,0.01,气层,马五41a,-0.00887021028693735,-0.072,0.628,单采,气层,气层优势类
延962-1,4072.625,13.354,69.987,171.56,0.307,24.573,1.206,2.713,0.432,6.843,0.321,2.742,76.193,77.096,1.88191507368846,1.88703184597583,60.506,60.506,60.589,3.149,71.324,0.01,气层,马五41a,-0.00511677228737617,-0.111,0.628,单采,气层,气层优势类
延962-1,4072.75,13.01,70.05,171.128,0.299,24.628,1.182,2.713,0.432,6.644,0.305,2.724,77.013,77.063,1.88656404142862,1.88684591173752,63.829,63.829,64.058,3.157,69.115,0.01,气层,马五41a,-0.000281870308905141,-0.127,0.604,单采,气层,气层优势类
延962-1,4072.875,12.418,70.098,168.94,0.259,24.7,1.15,2.712,0.426,6.475,0.291,2.705,78.624,77.994,1.89555513479999,1.89206119413768,67.679,67.679,68.076,3.207,64.634,0.01,气层,马五41a,0.00349394066230602,-0.135,0.55,单采,气层,气层优势类
延962-1,4073.0,12.316,70.154,165.646,0.2,24.835,1.083,2.707,0.396,6.244,0.272,2.664,81.934,80.329,1.91346415753879,1.90487236055005,79.431,79.431,80.33,3.262,58.946,0.01,气层,马五41a,0.00859179698874213,-0.124,0.472,单采,气层,气层优势类
延1193,3822.0,16.475,96.708,173.629,0.451,21.73,1.548,2.652,0.2,12.176,1.0,3.899,108.466,103.927,2.03529362457683,2.01672839094208,77.259,80.687,84.153,7.009,27.733,0.088,气层,马五41a,0.0185652336347522,0.8,1.451,单采,气层,气层优势类
延1193,3822.125,16.205,97.019,175.936,0.493,21.771,1.48,2.639,0.138,12.05,0.984,3.867,104.753,100.363,2.02016646948835,2.00157363454744,65.917,68.872,71.846,7.321,27.105,0.107,气层,马五41a,0.0185928349409026,0.846,1.477,单采,气层,气层优势类
延1193,3822.25,16.022,97.28,178.525,0.54,21.767,1.438,2.626,0.076,11.916,0.968,3.838,100.057,95.855,2.00024747733034,1.98161477152576,66.032,68.992,71.971,7.576,25.295,0.124,气层,马五41a,0.0186327058045861,0.892,1.508,单采,气层,气层优势类
延1193,3822.375,15.624,97.341,180.532,0.576,21.748,1.32,2.615,0.024,11.828,0.957,3.809,96.727,92.658,1.98554771828456,1.96688292182939,72.495,75.724,78.983,7.617,23.613,0.127,气层,马五41a,0.0186647964551745,0.933,1.533,单采,气层,气层优势类
延1193,3822.5,12.956,97.143,179.661,0.56,21.726,1.053,2.61,0.0,11.808,0.954,3.728,96.415,92.359,1.98414460558804,1.96547922202737,80.138,83.685,87.276,7.378,23.603,0.111,气层,马五41a,0.0186653835606676,0.954,1.514,单采,气层,气层优势类
延1193,3822.625,11.974,97.092,177.126,0.515,21.712,0.905,2.614,0.019,11.787,0.952,3.677,100.877,96.642,2.00379215819212,1.98516590906654,83.901,87.606,91.36,7.173,24.126,0.098,气层,马五41a,0.0186262491255744,0.933,1.467,单采,气层,气层优势类
延1193,3822.75,11.773,96.968,175.241,0.481,21.705,0.817,2.62,0.048,11.68,0.938,3.625,108.473,103.934,2.0353216514542,2.01675764184893,83.186,86.861,90.584,7.127,24.796,0.095,气层,马五41a,0.0185640096052664,0.89,1.419,单采,气层,气层优势类
延1193,3822.875,12.839,96.844,175.336,0.482,21.702,0.798,2.624,0.067,11.501,0.916,3.577,116.089,111.246,2.06479107016384,2.04628440428975,80.474,84.035,87.641,7.595,23.419,0.126,气层,马五41a,0.0185066658740887,0.849,1.398,单采,气层,气层优势类
延1193,3823.0,15.495,96.646,180.637,0.578,21.664,1.051,2.624,0.067,11.178,0.876,3.518,118.96,114.001,2.0754009555139,2.05690866092048,80.366,83.923,87.524,7.376,23.861,0.111,气层,马五41a,0.0184922945934156,0.809,1.454,单采,气层,气层优势类
延1193,3823.125,15.285,96.646,182.811,0.617,21.648,1.239,2.626,0.076,11.059,0.861,3.511,116.218,111.369,2.06527339737674,2.04676432007898,85.055,88.808,93.625,7.479,22.174,0.117,气层,马五41a,0.0185090772977596,0.785,1.478,单采,气层,气层优势类
延1193,3823.25,14.203,96.595,183.211,0.625,21.651,1.469,2.633,0.11,10.947,0.848,3.518,113.783,109.032,2.05607738018118,2.03755397852623,90.606,94.589,99.774,7.399,22.437,0.112,气层,马五41a,0.0185234016549467,0.738,1.473,单采,气层,气层优势类
延1193,3823.375,13.746,96.522,182.317,0.608,21.65,1.696,2.645,0.167,10.81,0.831,3.536,110.937,106.299,2.0450764173472,2.02652917894922,86.934,90.679,93.513,6.985,25.77,0.087,气层,马五41a,0.0185472383979799,0.664,1.439,单采,气层,气层优势类
延1193,3823.5,14.078,96.547,178.878,0.546,21.626,2.017,2.665,0.262,10.55,0.798,3.596,107.898,103.382,2.03301339466425,2.01444492965564,72.915,75.961,77.48,6.884,29.548,0.082,气层,马五41a,0.0185684650086047,0.536,1.344,单采,气层,气层优势类
延1193,3823.625,13.845,96.635,177.891,0.528,21.619,2.07,2.667,0.271,10.565,0.8,3.634,108.36,103.826,2.03486899636113,2.01630612270886,60.813,63.347,64.639,6.895,30.846,0.082,气层,马五41a,0.0185628736522663,0.529,1.328,单采,气层,气层优势类
延1193,3823.75,13.457,96.759,177.805,0.527,21.628,1.973,2.663,0.252,10.675,0.814,3.679,107.622,103.117,2.03190105852346,2.01333026952768,56.126,58.465,59.658,6.996,31.407,0.088,气层,马五41a,0.0185707889957785,0.562,1.341,单采,气层,气层优势类
延1193,3823.875,12.878,96.884,178.423,0.538,21.634,1.851,2.66,0.238,10.779,0.827,3.734,104.652,100.266,2.01974753253771,2.00115368959405,54.907,57.195,58.362,7.173,30.013,0.098,气层,马五41a,0.0185938429436616,0.589,1.365,单采,气层,气层优势类
延1193,3824.0,12.532,97.132,179.813,0.563,21.599,1.633,2.658,0.229,10.727,0.82,3.882,97.995,93.875,1.99120391724549,1.97254995001222,56.659,59.02,60.224,7.21,29.488,0.1,气层,马五41a,0.0186539672332691,0.591,1.383,单采,气层,气层优势类
延1193,3824.125,12.595,97.257,180.158,0.569,21.59,1.549,2.659,0.233,10.563,0.8,3.972,95.023,91.022,1.97782873754265,1.95914637390187,57.483,59.878,61.1,7.19,29.549,0.099,气层,马五41a,0.0186823636407805,0.567,1.369,单采,气层,气层优势类
延1193,3824.25,13.006,97.355,180.167,0.57,21.617,1.527,2.661,0.243,10.323,0.77,4.066,92.402,88.506,1.96568137143183,1.94697271339347,56.127,58.466,59.659,6.648,33.084,0.07,气层,马五41a,0.0187086580383666,0.527,1.34,单采,气层,气层优势类
延1193,3824.375,13.584,97.391,179.916,0.565,21.655,1.493,2.663,0.252,10.062,0.738,4.151,91.535,87.673,1.96158718587459,1.94286586752336,51.425,53.567,54.661,6.43,36.581,0.06,气层,马五41a,0.0187213183512311,0.486,1.303,单采,气层,气层优势类
延1193,3824.5,12.732,97.306,177.633,0.524,21.695,1.221,2.667,0.271,9.609,0.682,4.243,91.932,88.055,1.9634667083873,1.94475402141354,43.934,45.765,46.699,6.201,42.034,0.051,气层,马五41a,0.0187126869737564,0.411,1.206,单采,气层,气层优势类
延1193,3824.625,12.1,97.062,175.335,0.482,21.713,1.156,2.671,0.29,9.403,0.656,4.233,91.4,87.544,1.96094619573383,1.94222638621404,38.961,40.585,41.413,5.791,45.409,0.038,气层,马五41a,0.0187198095197927,0.366,1.138,单采,气层,气层优势类
延1193,3824.75,11.91,96.732,171.662,0.416,21.733,1.156,2.675,0.31,9.28,0.641,4.18,92.753,88.842,1.96732796532078,1.94861832676958,39.242,40.877,41.711,5.233,49.99,0.024,气层,马五41a,0.0187096385511984,0.331,1.057,单采,气层,气层优势类
延1193,3824.875,11.697,96.337,166.666,0.326,21.716,1.126,2.682,0.343,9.295,0.643,4.091,97.219,93.131,1.98775114958449,1.96909426624441,42.345,44.078,44.969,4.279,58.064,0.01,气层,马五41a,0.018656883340074,0.3,0.969,单采,气层,气层优势类
延1193,3825.0,11.153,95.454,158.017,0.169,21.612,0.982,2.697,0.414,9.44,0.661,3.848,106.698,102.23,2.02815627887054,2.00957836079454,47.294,49.188,50.172,4.075,58.716,0.01,气层,马五41a,0.0185779180759971,0.247,0.83,单采,气层,气层优势类
靖32,3876.0,54.821,44.808,159.36,0.14,21.6,3.257,2.745,0.478,10.792,0.577,3.254,198.729,167.119,2.29826124718524,2.22302582826605,78.816,,85.167,2.051,100.0,0.1,气层,马五41a,0.0752354189191924,0.099,0.717,单采,气层,气层优势类
靖32,3876.125,38.525,44.312,159.073,0.135,21.707,2.803,2.741,0.449,10.234,0.519,3.232,185.932,158.111,2.26935414086086,2.19896208544845,75.191,,80.491,2.983,83.784,0.1,气层,马五41a,0.0703920554124102,0.07,0.654,单采,气层,气层优势类
靖32,3876.25,28.328,43.843,160.523,0.16,22.098,2.393,2.738,0.426,9.96,0.49,3.238,166.662,142.927,2.22183658920062,2.15511427807985,68.213,,72.956,3.478,75.453,0.1,气层,马五41a,0.0667223111207669,0.064,0.65,单采,气层,气层优势类
靖32,3876.375,22.147,43.443,162.595,0.195,22.349,1.999,2.731,0.375,10.014,0.496,3.266,151.54,130.385,2.18052728291341,2.11522763133504,61.999,,66.59,3.99,68.819,0.1,气层,马五41a,0.0652996515783686,0.121,0.691,单采,气层,气层优势类
靖32,3876.5,22.077,43.01,164.94,0.235,22.4,1.608,2.72,0.294,10.157,0.511,3.303,139.362,119.885,2.14414437031809,2.078764847613,58.706,,63.293,4.324,65.007,0.1,气层,马五41a,0.0653795227050877,0.217,0.746,单采,气层,气层优势类
靖32,3876.625,23.267,42.511,166.492,0.261,22.4,1.354,2.715,0.257,10.092,0.504,3.346,128.307,110.627,2.10825035067301,2.04386113528656,56.652,,61.288,4.342,65.795,0.1,气层,马五41a,0.0643892153864538,0.247,0.765,单采,气层,气层优势类
靖32,3876.75,22.945,42.02,166.45,0.26,22.4,1.213,2.717,0.272,10.008,0.495,3.385,116.741,101.008,2.06722340914394,2.00435577198328,54.398,,59.082,4.262,68.285,0.1,气层,马五41a,0.0628676371606574,0.223,0.755,单采,气层,气层优势类
靖32,3876.875,22.997,41.568,165.486,0.244,22.281,1.162,2.721,0.301,9.954,0.49,3.417,104.68,90.954,2.01986371396784,1.95882180334154,52.916,,57.699,4.147,70.982,0.1,气层,马五41a,0.0610419106263069,0.189,0.734,单采,气层,气层优势类
靖32,3877.0,21.542,41.133,163.881,0.217,22.082,1.163,2.728,0.353,9.953,0.49,3.438,93.913,82.268,1.97272571407103,1.91523093939296,52.279,,57.22,4.071,72.614,0.1,气层,马五41a,0.057494774678071,0.137,0.707,单采,气层,气层优势类
靖32,3877.125,20.563,40.657,163.101,0.203,21.965,1.188,2.734,0.397,9.975,0.492,3.442,87.904,77.587,1.94400863774047,1.88978895964442,51.474,,56.595,3.991,74.525,0.1,气层,马五41a,0.054219678096048,0.095,0.695,单采,气层,气层优势类
靖32,3877.25,20.519,40.145,163.005,0.202,21.83,1.231,2.721,0.301,10.012,0.496,3.433,84.794,75.23,1.92836512278642,1.87639106181919,51.144,,56.544,4.307,69.101,0.1,气层,马五41a,0.0519740609672323,0.195,0.698,单采,气层,气层优势类
靖32,3877.375,20.551,39.589,163.634,0.212,21.8,1.365,2.715,0.257,10.108,0.506,3.412,84.029,75.007,1.9244291951859,1.87510179565187,51.255,,56.814,4.489,66.093,0.1,气层,马五41a,0.0493273995340364,0.249,0.718,单采,气层,气层优势类
靖32,3877.5,21.615,39.043,164.967,0.235,22.0,1.539,2.708,0.206,10.232,0.519,3.381,84.081,75.377,1.92469786824258,1.87723884856367,51.55,,57.862,4.682,62.786,0.1,气层,马五41a,0.0474590196789151,0.313,0.754,单采,气层,气层优势类
靖32,3877.625,22.463,38.547,166.309,0.258,22.2,1.609,2.706,0.191,10.359,0.532,3.345,84.788,76.12,1.92833439114164,1.88149877961498,49.179,,55.681,4.75,63.088,0.1,气层,马五41a,0.0468356115266575,0.341,0.79,单采,气层,气层优势类
靖32,3877.75,23.568,38.109,166.916,0.268,22.3,1.629,2.703,0.169,10.474,0.544,3.309,86.138,77.712,1.93519478385278,1.89048808612896,47.648,,54.332,4.807,63.122,0.1,气层,马五41a,0.0447066977238169,0.375,0.812,单采,气层,气层优势类
靖32,3877.875,23.98,37.771,167.25,0.274,22.4,1.673,2.706,0.191,10.565,0.554,3.275,86.315,78.352,1.93608627487108,1.89405008667414,48.764,,55.912,4.765,62.769,0.1,气层,马五41a,0.0420361881969331,0.363,0.828,单采,气层,气层优势类
靖32,3878.0,24.212,37.517,167.214,0.273,22.4,1.778,2.71,0.221,10.621,0.56,3.245,84.471,77.055,1.92670763555723,1.88680082478002,51.607,,59.121,4.681,62.125,0.1,气层,马五41a,0.0399068107772118,0.339,0.833,单采,气层,气层优势类
靖32,3878.125,22.739,37.276,166.836,0.267,22.35,1.965,2.714,0.25,10.618,0.559,3.216,84.071,76.425,1.92464621325395,1.88323544739813,51.985,,59.568,4.673,62.007,0.1,气层,马五41a,0.0414107658558271,0.309,0.826,单采,气层,气层优势类
靖32,3878.25,20.572,37.016,166.498,0.261,22.165,2.18,2.717,0.272,10.546,0.552,3.185,87.46,79.032,1.94180947300884,1.89780297242351,49.842,,57.638,4.678,62.985,0.1,气层,马五41a,0.0440065005853245,0.28,0.813,单采,气层,气层优势类
靖32,3878.375,18.306,36.815,166.456,0.26,22.032,2.326,2.714,0.25,10.403,0.537,3.152,91.752,82.56,1.96261553973063,1.91676968428314,49.564,,57.927,4.801,61.201,0.1,气层,马五41a,0.0458458554474981,0.287,0.797,单采,气层,气层优势类
靖32,3878.5,15.986,36.703,167.088,0.271,22.0,2.341,2.704,0.176,10.211,0.517,3.099,95.707,85.756,1.98094370319164,1.93326451560381,54.579,,64.206,5.011,55.685,0.102,气层,马五41a,0.047679187587828,0.341,0.788,单采,气层,气层优势类
靖32,3878.625,16.047,36.633,168.402,0.293,22.0,2.279,2.701,0.154,10.019,0.497,3.087,101.354,90.404,2.00584089307489,1.95618764662023,67.028,,78.799,4.965,50.832,0.1,气层,马五41a,0.04965324645466,0.343,0.79,单采,气层,气层优势类
靖32,3878.75,16.594,36.682,169.622,0.314,22.0,2.254,2.699,0.14,9.856,0.48,3.093,106.128,94.392,2.0258299799543,1.97493518812135,82.253,,96.262,4.886,46.726,0.1,气层,马五41a,0.0508947918329483,0.34,0.794,单采,气层,气层优势类
靖32,3878.875,17.319,36.779,170.659,0.331,22.0,2.25,2.696,0.118,9.707,0.464,3.115,111.199,98.308,2.04610088170256,1.99258886080757,91.894,,107.376,4.815,44.828,0.1,气层,马五41a,0.0535120208949909,0.346,0.795,单采,气层,气层优势类
靖32,3879.0,18.983,36.701,170.711,0.332,22.0,2.19,2.701,0.154,9.541,0.447,3.149,117.908,103.206,2.07154327276248,2.0137049462364,90.779,,106.728,4.526,47.823,0.1,气层,马五41a,0.0578383265260851,0.293,0.779,单采,气层,气层优势类
靖32,3879.125,19.59,36.63,169.533,0.312,22.0,2.031,2.706,0.191,9.336,0.425,3.188,123.336,107.085,2.09108985939678,2.02972864101428,83.024,,98.833,4.322,52.064,0.1,气层,马五41a,0.0613612183825034,0.234,0.737,单采,气层,气层优势类
靖32,3879.25,19.317,36.53,168.037,0.287,22.0,1.858,2.706,0.191,9.125,0.403,3.225,128.52,110.801,2.10897071687948,2.04454368000001,77.482,,93.431,4.229,54.716,0.1,气层,马五41a,0.0644270368794695,0.212,0.69,单采,气层,气层优势类
靖32,3879.375,19.984,36.404,166.228,0.256,22.0,1.646,2.711,0.228,8.954,0.385,3.255,136.69,116.755,2.13573674350947,2.0672754881753,76.698,,93.543,3.999,57.846,0.1,气层,马五41a,0.0684612553341717,0.157,0.641,单采,气层,气层优势类
靖32,3879.5,20.103,36.3,163.865,0.216,22.0,1.503,2.716,0.265,8.822,0.372,3.279,143.964,121.904,2.15825390490081,2.08601795622894,92.761,,98.057,3.797,59.469,0.1,气层,马五41a,0.0722359486718727,0.107,0.588,单采,气层,气层优势类
靖32,3879.625,20.469,36.232,162.189,0.188,22.05,1.504,2.721,0.301,8.651,0.354,3.295,145.464,122.089,2.16275552572162,2.08667653655336,100.915,,104.012,3.579,61.282,0.1,气层,马五41a,0.0760789891682556,0.053,0.542,单采,气层,气层优势类
靖32,3879.75,21.053,36.211,160.211,0.155,22.2,1.462,2.725,0.331,8.503,0.338,3.306,149.391,123.57,2.17432443437314,2.09191304667608,107.318,,110.611,3.406,62.436,0.1,气层,马五41a,0.0824113876970598,0.00700000000000001,0.493,单采,气层,气层优势类
靖32,3879.875,20.54,36.216,159.0,0.134,22.05,1.383,2.725,0.331,8.393,0.327,3.318,162.446,131.947,2.21070902193329,2.12039952037451,117.4,,121.003,3.363,60.477,0.1,气层,马五41a,0.0903095015587865,-0.004,0.461,单采,气层,气层优势类
靖32,3880.0,19.639,36.218,158.482,0.125,22.0,1.304,2.724,0.324,8.249,0.312,3.333,182.231,160.934,2.26062225838749,2.20664780576771,120.795,,124.502,3.335,60.088,0.1,气层,马五41a,0.0539744526197725,-0.012,0.437,单采,气层,气层优势类
靖32,3880.125,18.58,36.218,158.364,0.123,22.045,1.202,2.726,0.338,8.1,0.296,3.354,207.648,182.149,2.31732775247866,2.26042679130303,156.263,,161.058,3.25,54.272,0.1,气层,马五41a,0.0569009611756308,-0.042,0.419,单采,气层,气层优势类
靖32,3880.25,17.983,36.218,158.395,0.124,22.334,1.073,2.734,0.397,8.04,0.29,3.376,249.834,219.322,2.3976515413543,2.34108219756619,183.985,,189.632,3.077,52.853,0.1,气层,马五41a,0.0565693437881101,-0.107,0.414,单采,气层,气层优势类
靖32,3880.375,18.027,36.213,158.218,0.121,22.572,0.984,2.747,0.493,8.046,0.29,3.393,295.494,261.005,2.47054866696568,2.41664882707625,213.48,,220.032,2.818,53.565,0.1,气层,马五41a,0.0538998398894281,-0.203,0.411,单采,气层,气层优势类
靖32,3880.5,18.483,36.208,157.665,0.111,22.719,0.945,2.762,0.603,8.065,0.292,3.4,319.891,283.707,2.50500202156169,2.45287005142458,238.727,,246.053,0.0,100.0,0.0,气层,马五41a,0.0521319701371161,-0.311,0.403,单采,气层,气层优势类
靖32,3880.625,18.644,36.257,156.964,0.1,22.396,0.953,2.773,0.684,8.029,0.289,3.392,332.777,295.461,2.52215330223929,2.47050016338108,249.121,,256.766,0.0,100.0,0.0,气层,马五41a,0.0516531388582031,-0.395,0.389,单采,气层,气层优势类
靖32,3880.75,18.696,36.388,155.948,0.082,22.225,0.984,2.779,0.728,7.941,0.279,3.372,343.527,304.288,2.53596087673819,2.4832848257182,243.822,,251.304,0.0,100.0,0.0,气层,马五41a,0.0526760510199948,-0.449,0.361,单采,气层,气层优势类
靖32,3880.875,18.277,36.6,155.145,0.069,22.2,0.999,2.78,0.735,7.868,0.272,3.344,360.088,317.273,2.55640864866754,2.50143311511983,233.514,,240.68,0.0,100.0,0.0,气层,马五41a,0.0549755335477045,-0.463,0.341,单采,气层,气层优势类
靖32,3881.0,17.879,36.893,154.28,0.054,22.2,1.007,2.78,0.735,7.798,0.265,3.313,392.15,343.219,2.59345221934611,2.53557132162059,242.9,,250.354,0.0,100.0,0.0,气层,马五41a,0.0578808977255165,-0.47,0.319,单采,气层,气层优势类
郝39-1,3983.125,24.086,55.656,174.555,0.478,22.673,1.307,2.697,0.141,10.921,0.745,3.259,242.953,218.657,2.38552226612963,2.33976338523775,148.178,159.331,171.324,2.644,71.244,0.024,气层,马五41a,0.0457588808918818,0.604,1.223,单采,气层,气层优势类
郝39-1,3983.25,23.841,55.642,174.474,0.476,22.662,1.481,2.696,0.137,11.095,0.758,3.299,238.133,214.32,2.37681958324539,2.33106270060015,145.542,156.498,168.276,2.714,70.596,0.027,气层,马五41a,0.0457568826452417,0.621,1.234,单采,气层,气层优势类
郝39-1,3983.375,23.943,55.635,174.63,0.481,22.487,1.596,2.691,0.118,11.42,0.783,3.354,221.306,199.176,2.34499318858414,2.29923700629897,141.079,151.699,163.117,2.949,69.325,0.04,气层,马五41a,0.0457561822851718,0.665,1.264,单采,气层,气层优势类
郝39-1,3983.5,24.223,55.634,175.244,0.502,22.37,1.649,2.686,0.099,11.789,0.812,3.41,199.304,179.374,2.29951601501005,2.25375949291741,136.06,146.301,157.313,3.204,68.715,0.057,气层,马五41a,0.0457565220926335,0.713,1.314,单采,气层,气层优势类
郝39-1,3983.625,24.276,55.637,176.352,0.54,22.362,1.637,2.682,0.084,12.12,0.837,3.443,176.549,158.895,2.24686526199704,2.20111023133844,131.008,140.869,151.472,3.443,68.791,0.078,气层,马五41a,0.0457550306585972,0.753,1.377,单采,气层,气层优势类
郝39-1,3983.75,23.86,55.642,177.537,0.581,22.395,1.575,2.682,0.084,12.35,0.855,3.438,157.333,141.599,2.19681982379802,2.15106018629149,126.095,135.587,145.792,3.614,69.592,0.097,气层,马五41a,0.0457596375065283,0.771,1.436,单采,气层,气层优势类
郝39-1,3983.875,23.064,55.65,177.95,0.595,22.419,1.468,2.686,0.099,12.443,0.862,3.405,148.311,133.48,2.17117336318035,2.12541619798275,121.122,130.239,140.042,3.664,70.628,0.103,气层,马五41a,0.0457571651975912,0.763,1.457,单采,气层,气层优势类
郝39-1,3984.0,22.649,55.658,177.336,0.574,22.39,1.361,2.692,0.122,12.45,0.862,3.364,151.077,135.97,2.17919835227157,2.1334430975491,116.011,124.744,134.133,3.588,71.276,0.094,气层,马五41a,0.0457552547224767,0.74,1.436,单采,气层,气层优势类
郝39-1,3984.125,22.985,55.667,176.006,0.528,22.318,1.289,2.698,0.144,12.421,0.86,3.337,164.586,148.128,2.21639289052794,2.17063715910272,111.008,119.363,128.347,3.422,71.32,0.077,气层,马五41a,0.0457557314252188,0.716,1.388,单采,气层,气层优势类
郝39-1,3984.25,23.88,55.675,174.657,0.482,22.205,1.261,2.702,0.16,12.406,0.859,3.342,184.377,165.94,2.26570674428768,2.21995108575532,106.773,114.81,123.452,3.251,70.681,0.061,气层,马五41a,0.0457556585323604,0.699,1.341,单采,气层,气层优势类
郝39-1,3984.375,24.595,55.683,174.132,0.464,22.131,1.256,2.702,0.16,12.481,0.865,3.375,201.864,181.677,2.30505887468714,2.25929994984332,104.634,112.508,120.977,3.211,69.148,0.057,气层,马五41a,0.0457589248438195,0.705,1.329,单采,气层,气层优势类
郝39-1,3984.5,24.585,55.691,174.61,0.48,22.163,1.242,2.697,0.141,12.691,0.881,3.415,209.331,188.398,2.32083354812849,2.27507628808757,105.357,113.287,121.813,3.373,66.811,0.072,气层,马五41a,0.0457572600409257,0.74,1.361,单采,气层,气层优势类
郝39-1,3984.625,23.99,55.697,175.998,0.528,22.229,1.195,2.69,0.114,13.065,0.91,3.45,204.767,184.291,2.3112599675739,2.26550412661475,110.232,118.528,127.45,3.726,64.218,0.112,气层,马五41a,0.0457558409591496,0.796,1.438,单采,气层,气层优势类
郝39-1,3984.75,23.257,55.703,178.002,0.596,22.284,1.118,2.683,0.087,13.569,0.949,3.452,192.225,173.002,2.28380986957594,2.23805112384523,118.927,127.878,137.504,4.176,62.097,0.184,气层,马五41a,0.0457587457307143,0.862,1.545,单采,气层,气层优势类
郝39-1,3984.875,22.822,55.708,180.042,0.666,22.3,1.039,2.68,0.076,14.03,0.984,3.431,178.98,161.082,2.25280450374571,2.20704701318503,130.457,140.276,150.834,4.538,61.147,0.265,气层,马五41a,0.0457574905606752,0.908,1.65,单采,气层,气层优势类
郝39-1,3985.0,22.676,55.713,181.355,0.711,22.257,0.986,2.68,0.076,14.237,1.0,3.42,172.146,154.931,2.23589693585214,2.19013832403381,141.54,152.194,163.649,4.679,61.21,0.302,气层,马五41a,0.045758611818322,0.924,1.711,单采,气层,气层优势类
靖38-2,4116.0,35.006,28.311,171.911,0.253,21.989,4.545,2.697,0.524,4.105,0.045,4.613,153.154,129.981,2.185128343978,2.11387987385902,145.065,,175.263,0.01,100.0,0.001,气层,马五41a,0.0712484701189746,-0.479,0.298,合采,气层,气层优势类
靖38-2,4116.125,29.322,28.368,167.868,0.203,21.904,3.732,2.689,0.497,5.271,0.157,4.412,129.786,115.07,2.11322784769805,2.06096211309383,110.737,,133.789,0.01,100.0,0.001,气层,马五41a,0.0522657346042168,-0.34,0.36,合采,气层,气层优势类
靖38-2,4116.25,25.106,28.463,165.408,0.173,21.751,3.26,2.685,0.483,6.838,0.307,4.134,117.065,107.936,2.06842706946239,2.03316631950911,87.909,,106.208,1.732,86.969,0.007,气层,马五41a,0.0352607499532813,-0.176,0.48,合采,气层,气层优势类
靖38-2,4116.375,21.971,28.591,165.843,0.178,21.661,2.796,2.683,0.476,8.329,0.45,3.786,108.227,103.34,2.03433562018109,2.01426845720964,73.464,,88.757,3.863,62.982,0.014,气层,马五41a,0.0200671629714453,-0.026,0.628,合采,气层,气层优势类
靖38-2,4116.5,19.745,28.748,168.278,0.209,21.676,2.136,2.677,0.455,9.314,0.544,3.387,99.657,98.405,1.99850780935464,1.99301716567973,63.967,,77.283,4.571,54.287,0.017,气层,马五41a,0.00549064367491003,0.089,0.753,合采,气层,气层优势类
靖38-2,4116.625,17.97,28.93,171.29,0.246,21.668,1.553,2.666,0.416,9.705,0.582,3.037,91.304,93.143,1.96048980425801,1.96915022181298,58.243,,70.368,5.24,50.228,0.033,气层,马五41a,-0.00866041755497782,0.166,0.828,合采,气层,气层优势类
靖38-2,4116.75,16.504,29.125,173.32,0.271,21.655,1.307,2.653,0.371,9.834,0.594,2.888,84.479,88.752,1.92674876436289,1.94817814853476,53.81,,65.012,5.752,47.891,0.047,气层,马五41a,-0.0214293841718736,0.223,0.865,合采,气层,气层优势类
靖38-2,4116.875,15.668,29.326,173.965,0.279,21.684,1.257,2.642,0.332,10.042,0.614,2.879,79.73,85.814,1.90162176409336,1.93355814596937,48.916,,59.099,5.881,48.581,0.052,气层,马五41a,-0.0319363818760159,0.282,0.893,合采,气层,气层优势类
靖38-2,4117.0,15.705,29.521,174.129,0.281,21.693,1.268,2.641,0.329,10.26,0.635,2.906,77.004,84.285,1.88651328533882,1.92575029115058,43.667,,52.757,6.443,46.948,0.079,气层,马五41a,-0.0392370058117657,0.306,0.916,合采,气层,气层优势类
靖38-2,4117.125,16.517,29.705,175.311,0.296,21.69,1.318,2.648,0.353,10.267,0.636,2.934,75.741,83.652,1.87933103476441,1.92247632878413,38.947,,47.054,6.147,53.012,0.065,气层,马五41a,-0.0431452940197243,0.283,0.932,合采,气层,气层优势类
靖38-2,4117.25,17.819,29.869,177.769,0.326,21.725,1.441,2.654,0.374,10.174,0.627,2.949,75.059,83.124,1.8754027740742,1.91972643368446,35.523,,42.918,5.762,58.504,0.047,气层,马五41a,-0.0443236596102632,0.253,0.953,合采,气层,气层优势类
靖38-2,4117.375,19.559,30.007,179.229,0.344,21.764,1.627,2.649,0.357,10.203,0.63,2.964,74.122,81.883,1.86994712917418,1.91319374580749,33.587,,40.579,5.754,60.446,0.047,气层,马五41a,-0.0432466166333096,0.273,0.974,合采,气层,气层优势类
靖38-2,4117.5,21.608,30.117,179.75,0.35,21.743,1.843,2.639,0.322,10.389,0.647,2.971,72.589,79.69,1.86087081352035,1.90140382682525,32.613,,39.402,5.79,61.407,0.048,气层,马五41a,-0.0405330133049042,0.325,0.997,合采,气层,气层优势类
靖38-2,4117.625,23.524,30.197,180.884,0.364,21.714,2.12,2.635,0.308,10.64,0.671,2.962,71.095,77.306,1.85183905855303,1.88821320240173,31.971,,38.626,6.316,57.035,0.073,气层,马五41a,-0.0363741438486995,0.363,1.035,合采,气层,气层优势类
靖38-2,4117.75,24.309,30.247,180.541,0.36,21.724,2.425,2.642,0.332,10.893,0.696,2.947,71.341,76.56,1.85333919263113,1.88400192476879,31.443,,37.988,6.535,55.396,0.082,气层,马五41a,-0.0306627321376589,0.364,1.056,合采,气层,气层优势类
靖38-2,4117.875,23.22,30.271,178.503,0.335,21.754,2.583,2.651,0.364,11.104,0.716,2.902,74.933,79.072,1.87467312025811,1.89802272372199,31.114,,37.591,6.462,56.333,0.078,气层,马五41a,-0.0233496034638763,0.352,1.051,合采,气层,气层优势类
靖38-2,4118.0,20.843,30.269,180.106,0.355,21.791,2.496,2.649,0.357,11.08,0.714,2.842,82.854,85.663,1.91831347999728,1.93279327973404,30.915,,37.351,6.503,56.188,0.08,气层,马五41a,-0.0144797997367623,0.357,1.069,合采,气层,气层优势类
靖61-3,4239.0,15.894,53.34,160.863,0.113,22.978,1.34,2.77,0.793,10.093,0.302,2.66,106.579,100.97,2.02767164106422,2.00419235625971,60.203,60.203,63.372,4.395,49.309,0.012,气层,马五41a,0.0234792848045018,-0.491,0.415,合采,气层,气层优势类
靖61-3,4239.125,15.493,52.888,161.021,0.115,22.936,1.38,2.781,0.855,10.422,0.325,2.639,107.003,101.372,2.02939595399532,2.0059180149112,58.463,58.463,61.54,4.479,48.93,0.013,气层,马五41a,0.0234779390841107,-0.53,0.44,合采,气层,气层优势类
靖61-3,4239.25,15.691,52.443,161.471,0.12,22.858,1.4,2.782,0.86,10.751,0.349,2.638,109.326,103.572,2.03872345850714,2.01524236265761,58.555,58.555,61.637,4.926,44.261,0.02,气层,马五41a,0.0234810958495228,-0.511,0.469,合采,气层,气层优势类
靖61-3,4239.375,16.004,52.02,162.071,0.128,22.797,1.411,2.772,0.804,11.054,0.371,2.621,112.467,106.547,2.05102511071139,2.0275412259715,60.64,60.64,63.831,5.258,40.752,0.026,气层,马五41a,0.0234838847398904,-0.433,0.499,合采,气层,气层优势类
靖61-3,4239.5,15.844,51.622,162.829,0.137,22.858,1.415,2.754,0.704,11.344,0.392,2.606,116.553,110.419,2.06652345646387,2.043043809672,64.316,64.316,67.701,5.659,36.379,0.035,气层,马五41a,0.023479646791869,-0.312,0.529,合采,气层,气层优势类
靖61-3,4239.625,15.171,51.265,163.836,0.15,22.96,1.4,2.737,0.609,11.576,0.409,2.651,121.589,115.19,2.08489428665226,2.06141477827707,68.385,68.385,71.984,5.854,34.253,0.04,气层,马五41a,0.0234795083751873,-0.2,0.559,合采,气层,气层优势类
靖61-3,4239.75,14.697,50.95,164.983,0.164,23.061,1.374,2.712,0.469,11.649,0.414,2.82,125.021,118.441,2.09698296835294,2.07350206549072,71.87,71.87,75.652,6.141,31.774,0.05,气层,马五41a,0.023480902862218,-0.055,0.578,合采,气层,气层优势类
靖61-3,4239.875,14.832,50.678,166.057,0.177,23.135,1.342,2.69,0.346,11.513,0.404,2.975,124.373,117.827,2.09472611006777,2.07124482022537,74.585,74.585,78.511,6.371,29.857,0.059,气层,马五41a,0.0234812898424042,0.0580000000000001,0.581,合采,气层,气层优势类
靖61-3,4240.0,15.587,50.449,166.838,0.187,23.153,1.289,2.686,0.324,11.228,0.384,3.023,120.779,114.423,2.08199142950909,2.05851333013098,76.79,76.79,80.832,6.267,29.916,0.055,气层,马五41a,0.0234780993781185,0.06,0.571,合采,气层,气层优势类
靖61-3,4240.125,16.698,50.271,167.077,0.19,23.16,1.204,2.698,0.391,10.885,0.359,3.022,120.438,114.099,2.08076353498274,2.05728183813964,78.65,78.65,82.79,5.956,31.316,0.045,气层,马五41a,0.0234816968430942,-0.032,0.549,合采,气层,气层优势类
靖61-3,4240.25,17.396,50.131,166.814,0.186,23.189,1.121,2.716,0.492,10.547,0.334,2.983,126.731,120.061,2.10288286178304,2.07940195631682,80.389,80.389,84.619,5.482,33.76,0.031,气层,马五41a,0.0234809054662235,-0.158,0.52,合采,气层,气层优势类
靖61-3,4240.375,17.027,50.028,166.104,0.178,23.236,1.045,2.74,0.626,10.236,0.312,2.868,137.395,130.164,2.13797092841552,2.11449088620443,82.066,82.066,86.385,5.002,37.189,0.022,气层,马五41a,0.0234800422110957,-0.314,0.49,合采,气层,气层优势类
靖61-3,4240.5,15.667,49.957,165.042,0.165,23.282,0.969,2.757,0.721,9.987,0.294,2.785,147.696,139.923,2.16936873362305,2.14588910800206,83.85,83.85,88.263,4.6,39.982,0.014,气层,马五41a,0.0234796256209902,-0.427,0.459,合采,气层,气层优势类
靖61-3,4240.625,14.286,49.92,163.73,0.148,23.316,0.936,2.746,0.659,9.823,0.282,2.905,153.636,145.551,2.1864929915383,2.16301519358101,86.04,86.04,90.569,4.449,40.838,0.012,气层,马五41a,0.0234777979572853,-0.377,0.43,合采,气层,气层优势类
靖61-3,4240.75,13.749,49.908,162.299,0.13,23.304,0.967,2.719,0.508,9.664,0.271,3.125,158.112,149.791,2.19896483220932,2.17548572012074,88.96,88.96,93.642,4.728,37.746,0.016,气层,马五41a,0.0234791120885847,-0.237,0.401,合采,气层,气层优势类
靖61-3,4240.875,13.975,49.917,160.815,0.112,23.228,1.056,2.695,0.374,9.381,0.25,3.214,169.218,160.312,2.22844655778628,2.2049660322651,92.686,92.686,97.564,4.797,36.252,0.017,气层,马五41a,0.0234805255211805,-0.124,0.362,合采,气层,气层优势类
靖61-3,4241.0,14.683,49.948,159.35,0.094,23.161,1.201,2.682,0.302,8.842,0.211,3.214,198.186,187.755,2.2970729723617,2.27359151128737,97.299,97.299,102.42,4.772,35.55,0.017,气层,马五41a,0.0234814610743324,-0.091,0.305,合采,气层,气层优势类
靖89,3847.0,11.903,73.28,167.877,0.236,22.17,0.71,2.76,0.553,8.458,0.462,3.298,73.888,66.799,1.86857391123708,1.82476996101248,33.784,34.462,34.809,4.285,70.154,0.01,气层,马五41a,0.0438039502246002,-0.091,0.698,合采,气层,气层优势类
靖89,3847.125,12.088,73.175,169.708,0.266,22.256,0.731,2.757,0.536,8.772,0.501,3.287,73.506,66.455,1.866322790248,1.82252766233997,31.344,31.908,32.201,4.29,72.005,0.01,气层,马五41a,0.043795127908028,-0.035,0.767,合采,气层,气层优势类
靖89,3847.25,13.374,73.076,171.905,0.302,22.265,0.752,2.758,0.542,8.91,0.518,3.269,76.093,68.783,1.88134470668909,1.83748111383889,29.895,30.392,30.654,4.258,73.706,0.01,气层,马五41a,0.0438635928501976,-0.024,0.82,合采,气层,气层优势类
靖89,3847.375,15.532,72.986,173.07,0.322,22.217,0.726,2.765,0.581,8.809,0.506,3.23,82.07,74.163,1.91418443342325,1.8701872893281,29.613,30.088,30.342,4.154,75.413,0.01,气层,马五41a,0.0439971440951443,-0.075,0.828,合采,气层,气层优势类
靖89,3847.5,17.087,72.904,172.35,0.31,22.115,0.618,2.775,0.637,8.465,0.463,3.186,90.435,81.692,1.95633654292103,1.91217952867477,30.299,30.79,31.055,4.036,76.333,0.01,气层,马五41a,0.0441570142462613,-0.174,0.773,合采,气层,气层优势类
靖89,3847.625,16.671,72.831,170.294,0.276,21.982,0.495,2.785,0.693,8.004,0.406,3.176,97.708,88.237,1.98993012373532,1.94565073395623,31.281,31.803,32.084,3.65,84.605,0.01,气层,马五41a,0.0442793897790978,-0.287,0.682,合采,气层,气层优势类
靖89,3847.75,14.727,72.766,168.128,0.24,21.885,0.46,2.789,0.715,7.645,0.362,3.226,101.686,91.817,2.00726116392295,1.96292309865947,31.823,32.365,32.658,3.118,97.078,0.01,气层,马五41a,0.0443380652634813,-0.353,0.602,合采,气层,气层优势类
靖89,3847.875,13.277,72.71,167.228,0.225,21.932,0.508,2.788,0.709,7.539,0.349,3.294,102.895,92.906,2.01239427150521,1.96804376224711,31.331,31.865,32.154,3.162,97.287,0.01,气层,马五41a,0.0443505092580978,-0.36,0.574,合采,气层,气层优势类
靖89,3848.0,13.055,72.664,168.164,0.241,22.096,0.527,2.78,0.665,7.679,0.366,3.348,102.812,92.831,2.0120438075545,1.96769302881314,29.922,30.426,30.702,3.217,98.633,0.01,气层,马五41a,0.0443507787413644,-0.299,0.607,合采,气层,气层优势类
靖89,3848.125,12.946,72.627,170.282,0.276,22.187,0.496,2.772,0.62,7.972,0.402,3.384,101.44,91.596,2.00620924053766,1.96187650842922,28.425,28.906,29.173,3.628,90.502,0.01,气层,马五41a,0.0443327321084355,-0.218,0.678,合采,气层,气层优势类
靖89,3848.25,12.899,72.598,172.662,0.315,22.179,0.524,2.765,0.581,8.317,0.445,3.419,97.953,88.457,1.99101774164259,1.94673220628004,27.542,28.027,28.297,4.213,77.444,0.01,气层,马五41a,0.0442855353625504,-0.136,0.76,合采,气层,气层优势类
靖89,3848.375,13.286,72.579,174.469,0.345,22.186,0.674,2.758,0.542,8.652,0.486,3.465,92.3,83.37,1.96520170102591,1.92100980149703,27.775,28.302,28.594,4.245,75.715,0.01,气层,马五41a,0.0441918995288777,-0.056,0.831,合采,气层,气层优势类
靖89,3848.5,13.672,72.569,175.388,0.36,22.239,0.882,2.751,0.503,8.964,0.525,3.481,85.801,77.521,1.93349234952646,1.88941936636057,29.276,29.893,30.229,4.658,67.165,0.016,气层,马五41a,0.0440729831658848,0.022,0.885,合采,气层,气层优势类
靖89,3848.625,13.266,72.566,175.687,0.365,22.232,1.063,2.744,0.464,9.245,0.559,3.453,80.711,72.94,1.90693272820093,1.86296575897776,31.795,32.554,32.957,5.261,56.554,0.025,气层,马五41a,0.0439669692231703,0.095,0.924,合采,气层,气层优势类
靖89,3848.75,12.678,72.572,175.638,0.364,22.211,1.211,2.74,0.441,9.463,0.586,3.392,78.86,71.274,1.8968567727372,1.85293113271558,35.117,36.075,36.577,5.301,53.749,0.026,气层,马五41a,0.0439256400216281,0.145,0.95,合采,气层,气层优势类
靖89,3848.875,12.843,72.585,175.249,0.358,22.248,1.321,2.743,0.458,9.552,0.597,3.329,82.239,74.315,1.91507782080098,1.87107648212851,39.312,40.553,41.202,5.276,50.373,0.025,气层,马五41a,0.0440013386724627,0.139,0.955,合采,气层,气层优势类
靖89,3849.0,13.595,72.606,174.234,0.341,22.362,1.377,2.751,0.503,9.428,0.582,3.302,93.056,84.05,1.96874438050691,1.92453771777549,45.037,46.704,47.581,5.193,46.551,0.024,气层,马五41a,0.0442066627314164,0.079,0.923,合采,气层,气层优势类
靖110-2,3853.0,19.63,55.529,164.27,0.097,23.216,2.743,2.754,0.434,1.664,0.03,3.28,113.069,97.108,2.05334355121762,1.98725500964784,18.849,20.277,21.705,5.206,31.718,0.483,气层,马五41a,0.0660885415697809,-0.404,0.127,合采,气层,气层优势类
靖110-2,3853.125,17.516,55.476,165.383,0.11,22.43,2.251,2.749,0.413,1.699,0.032,3.267,81.695,70.44,1.91219547710942,1.84781934729524,16.802,18.049,19.296,5.274,36.848,0.512,气层,马五41a,0.0643761298141803,-0.381,0.142,合采,气层,气层优势类
靖110-2,3853.25,17.763,55.418,166.741,0.125,21.957,2.016,2.747,0.405,1.759,0.034,3.25,60.092,52.078,1.77881665857322,1.71665429726439,16.031,17.211,18.39,5.325,42.316,0.534,气层,马五41a,0.0621623613088267,-0.371,0.159,合采,气层,气层优势类
靖110-2,3853.375,18.345,55.366,168.299,0.143,21.908,1.861,2.748,0.409,1.81,0.037,3.232,47.778,41.611,1.6792279661099,1.61920815292977,16.456,17.673,18.89,5.354,46.906,0.547,气层,马五41a,0.0600198131801246,-0.372,0.18,合采,气层,气层优势类
靖110-2,3853.5,18.451,55.334,169.923,0.162,21.991,1.7,2.748,0.409,1.868,0.04,3.215,42.043,36.737,1.62369369776916,1.56510368826152,17.823,19.16,20.497,5.406,49.45,0.57,气层,马五41a,0.0585900095076448,-0.369,0.202,合采,气层,气层优势类
靖110-2,3853.625,18.09,55.325,171.362,0.179,21.869,1.566,2.745,0.397,1.917,0.042,3.202,40.234,35.199,1.60459321158123,1.54653032539146,19.139,20.592,22.046,5.475,49.884,0.603,气层,马五41a,0.0580628861897741,-0.355,0.221,合采,气层,气层优势类
靖110-2,3853.75,17.352,55.337,172.386,0.191,21.588,1.476,2.74,0.376,1.965,0.044,3.197,41.307,36.111,1.61602365465326,1.55763951524678,19.585,21.078,22.571,5.551,48.573,0.641,气层,马五41a,0.0583841394064759,-0.332,0.235,合采,气层,气层优势类
靖110-2,3853.875,17.341,55.361,172.851,0.196,21.44,1.418,2.734,0.351,1.997,0.046,3.197,43.722,38.164,1.64070001990844,1.58165388717689,19.044,20.488,21.934,5.591,46.86,0.662,气层,马五41a,0.0590461327315439,-0.305,0.242,合采,气层,气层优势类
靖110-2,3854.0,18.04,55.387,172.797,0.196,21.597,1.381,2.728,0.326,1.999,0.046,3.2,45.869,39.989,1.66151927208716,1.60194054392067,18.039,19.395,20.752,5.579,45.844,0.655,气层,马五41a,0.0595787281664939,-0.28,0.242,合采,气层,气层优势类
靖110-2,3854.125,17.896,55.409,172.465,0.192,22.03,1.355,2.722,0.302,1.953,0.044,3.201,47.234,41.149,1.67425472525845,1.61435928548367,17.136,18.412,19.689,5.557,45.353,0.644,气层,马五41a,0.0598954397747826,-0.258,0.236,合采,气层,气层优势类
靖110-2,3854.25,16.973,55.426,172.047,0.187,22.868,1.337,2.718,0.285,1.861,0.039,3.197,47.934,41.744,1.68064367154225,1.62059406175615,16.804,18.051,19.298,5.514,45.37,0.623,气层,马五41a,0.0600496097861016,-0.246,0.226,合采,气层,气层优势类
靖110-2,3854.375,16.004,55.439,171.65,0.182,24.161,1.315,2.714,0.269,1.784,0.036,3.185,47.514,41.386,1.67682159334917,1.61685345341514,17.917,19.263,20.609,5.46,46.025,0.596,气层,马五41a,0.0599681399340364,-0.233,0.218,合采,气层,气层优势类
靖110-2,3854.5,15.729,55.445,171.232,0.178,25.49,1.279,2.712,0.26,1.76,0.035,3.167,46.347,40.394,1.66602162789557,1.60631686114011,21.323,22.969,24.615,5.425,46.905,0.579,气层,马五41a,0.0597047667554675,-0.225,0.213,合采,气层,气层优势类
靖110-2,3854.625,16.244,55.44,170.628,0.171,26.274,1.219,2.71,0.252,1.797,0.036,3.143,45.783,39.915,1.66070424707068,1.60113613360707,26.721,28.843,30.965,5.426,47.181,0.579,气层,马五41a,0.0595681134636097,-0.216,0.207,合采,气层,气层优势类
靖110-2,3854.75,16.862,55.424,169.657,0.159,26.475,1.131,2.706,0.236,1.837,0.038,3.118,46.636,40.641,1.66872129362864,1.60896438552436,31.992,34.579,37.167,5.454,46.518,0.593,气层,马五41a,0.0597569081042826,-0.198,0.197,合采,气层,气层优势类
靖110-2,3854.875,17.271,55.401,168.206,0.142,26.539,1.037,2.699,0.207,1.805,0.037,3.093,49.448,43.031,1.69414873058377,1.63378143879544,33.481,36.2,38.919,5.436,45.349,0.585,气层,马五41a,0.0603672917883256,-0.17,0.179,合采,气层,气层优势类
靖110-2,3855.0,17.599,55.377,166.37,0.121,26.865,0.969,2.694,0.186,1.697,0.031,3.072,54.51,47.333,1.7364761820277,1.67516403124078,30.514,32.971,35.429,5.34,43.993,0.542,气层,马五41a,0.0613121507869163,-0.155,0.152,合采,气层,气层优势类
延936,3830.0,20.959,73.496,168.409,0.239,22.658,2.432,2.701,0.653,6.801,0.322,2.777,101.624,102.073,2.00699628508066,2.00891087919045,47.052,,53.392,3.548,56.131,0.01,气层,马五41a,-0.00191459410978556,-0.331,0.561,合采,气层,气层优势类
延936,3830.125,21.194,73.355,169.044,0.249,22.86,2.207,2.689,0.623,7.096,0.351,2.79,103.988,104.659,2.01698322550579,2.01977658080918,47.902,,54.336,4.454,55.058,0.01,气层,马五41a,-0.0027933553033952,-0.272,0.6,合采,气层,气层优势类
延936,3830.25,22.474,73.239,168.304,0.237,23.131,1.939,2.67,0.576,7.31,0.373,2.841,110.08,111.02,2.04170842089144,2.04540122299584,50.328,,57.032,4.821,43.94,0.017,气层,马五41a,-0.00369280210440559,-0.203,0.61,合采,气层,气层优势类
延936,3830.375,23.442,73.147,166.663,0.209,23.506,1.879,2.648,0.521,7.449,0.386,2.923,118.029,118.822,2.07198872758235,2.0748968581034,53.198,,60.22,4.988,39.452,0.022,气层,马五41a,-0.00290813052104921,-0.135,0.595,合采,气层,气层优势类
延936,3830.5,22.85,73.082,164.915,0.179,23.935,2.061,2.629,0.474,7.528,0.394,3.024,131.198,131.345,2.11792721464647,2.11841354485151,55.906,,63.229,5.1,37.514,0.025,气层,马五41a,-0.000486330205041963,-0.08,0.573,合采,气层,气层优势类
延936,3830.625,22.419,73.047,163.895,0.162,24.173,2.279,2.62,0.451,7.56,0.398,3.129,145.564,145.166,2.163053981196,2.16186491015569,58.991,,66.657,5.123,36.045,0.028,气层,马五41a,0.00118907104031196,-0.053,0.56,合采,气层,气层优势类
延936,3830.75,22.379,73.039,163.687,0.159,24.101,2.373,2.619,0.449,7.564,0.398,3.216,158.966,156.253,2.20130424638733,2.19382836439012,63.209,,71.344,5.075,34.216,0.028,气层,马五41a,0.00747588199721605,-0.051,0.557,合采,气层,气层优势类
延936,3830.875,22.428,73.056,164.018,0.164,23.884,2.234,2.624,0.461,7.547,0.396,3.275,171.749,165.958,2.23489421708096,2.21999819240062,68.414,,77.127,5.009,33.261,0.027,气层,马五41a,0.0148960246803318,-0.065,0.56,合采,气层,气层优势类
延936,3831.0,21.299,73.098,164.536,0.173,23.785,2.11,2.634,0.486,7.504,0.392,3.299,181.714,173.443,2.25938838844464,2.23915677680581,73.872,,83.191,4.924,32.648,0.025,气层,马五41a,0.0202316116388301,-0.094,0.565,合采,气层,气层优势类
延936,3831.125,21.298,73.167,164.905,0.179,23.931,2.268,2.644,0.511,7.406,0.382,3.287,189.638,178.548,2.27792536642363,2.2517549898196,79.115,,89.016,4.163,32.247,0.024,气层,马五41a,0.0261703766040364,-0.129,0.561,合采,气层,气层优势类
延936,3831.25,21.86,73.253,165.021,0.181,24.076,2.49,2.65,0.526,7.241,0.366,3.258,203.819,188.047,2.30924466647383,2.27426640931471,84.983,,95.536,4.011,35.795,0.013,气层,马五41a,0.0349782571591155,-0.16,0.547,合采,气层,气层优势类
延936,3831.375,22.306,73.358,164.834,0.178,23.977,2.549,2.648,0.521,7.012,0.343,3.225,231.142,208.115,2.36387886677267,2.31830338334694,93.377,,104.863,4.09,35.242,0.01,气层,马五41a,0.0455754834257385,-0.178,0.521,合采,气层,气层优势类
延936,3831.5,21.02,73.477,164.3,0.169,23.538,2.254,2.641,0.504,6.744,0.316,3.2,280.948,246.321,2.44862594480588,2.39150143902278,106.975,,119.973,4.164,32.816,0.011,气层,马五41a,0.0571245057830949,-0.188,0.485,合采,气层,气层优势类
延936,3831.625,19.85,73.587,163.449,0.155,22.924,1.946,2.637,0.494,6.463,0.288,3.185,367.585,310.325,2.56535778086929,2.49181676406208,130.194,,145.771,3.369,30.093,0.011,气层,马五41a,0.0735410168072055,-0.206,0.443,合采,气层,气层优势类
延936,3831.75,20.677,73.782,162.374,0.136,22.435,1.806,2.646,0.516,6.181,0.259,3.185,460.553,378.661,2.66327961560359,2.57825057748154,164.462,,183.846,2.99,31.085,0.01,气层,马五41a,0.0850290381220518,-0.257,0.395,合采,气层,气层优势类
延936,3831.875,20.48,73.995,161.222,0.117,22.199,1.764,2.669,0.574,5.898,0.231,3.212,627.565,507.659,2.79765871450265,2.70557208995025,211.827,,236.474,0.595,30.531,0.01,气层,马五41a,0.0920866245523948,-0.343,0.348,合采,气层,气层优势类
延936,3832.0,19.791,74.222,160.074,0.098,22.157,1.858,2.7,0.651,5.625,0.204,3.273,813.072,656.801,2.91012900539501,2.81743380533878,273.645,,305.161,0.01,86.114,0.003,气层,马五41a,0.092695200056232,-0.447,0.302,合采,气层,气层优势类
延938-5,4290.0,27.962,49.999,164.64,0.267,21.939,1.305,2.721,0.311,5.999,0.246,3.421,295.002,272.741,2.46982496033755,2.43575042850025,54.402,57.265,60.129,1.642,100.0,0.01,气层,马五41a,0.034074531837303,-0.065,0.513,合采,气层,气层优势类
延938-5,4290.125,31.002,49.801,166.181,0.308,21.985,1.274,2.708,0.237,6.39,0.298,3.361,249.984,231.455,2.39791221293572,2.36446656705426,52.134,54.878,57.622,2.087,100.0,0.01,气层,马五41a,0.0334456458814651,0.061,0.606,合采,气层,气层优势类
延938-5,4290.25,32.012,49.631,168.007,0.356,22.04,1.313,2.694,0.158,6.583,0.324,3.316,229.713,212.731,2.36118557363868,2.32783078161848,50.52,53.179,55.838,2.201,100.0,0.01,气层,马五41a,0.0333547920201913,0.166,0.68,合采,气层,气层优势类
延938-5,4290.375,30.427,49.489,169.696,0.401,22.091,1.371,2.682,0.09,6.704,0.341,3.288,219.442,203.265,2.34131975278553,2.30806260433674,48.699,51.261,53.825,2.87,83.7,0.01,气层,马五41a,0.0332571484487874,0.251,0.742,合采,气层,气层优势类
延938-5,4290.5,27.573,49.372,170.926,0.433,22.128,1.397,2.673,0.04,6.835,0.358,3.278,211.261,195.821,2.32481933118352,2.29185926405075,47.217,49.701,52.187,3.337,72.251,0.01,气层,马五41a,0.0329600671327683,0.318,0.791,合采,气层,气层优势类
延938-5,4290.625,25.481,49.285,171.595,0.451,22.148,1.378,2.668,0.011,6.964,0.376,3.282,203.724,188.92,2.30904219470262,2.27627793690466,46.364,48.803,51.244,3.365,72.224,0.01,气层,马五41a,0.032764257797953,0.365,0.827,合采,气层,气层优势类
延938-5,4290.75,24.933,49.23,171.827,0.457,22.155,1.377,2.666,0.0,7.082,0.392,3.3,196.166,181.951,2.29262373652022,2.25995444680485,45.907,48.323,50.739,3.328,73.183,0.01,气层,马五41a,0.0326692897153653,0.392,0.849,合采,气层,气层优势类
延938-5,4290.875,25.459,49.205,171.795,0.456,22.154,1.387,2.67,0.023,7.188,0.406,3.332,186.013,172.531,2.26954329707261,2.23686713952149,45.839,48.252,50.664,3.279,74.19,0.01,气层,马五41a,0.0326761575511254,0.383,0.862,合采,气层,气层优势类
延938-5,4291.0,26.07,49.212,171.647,0.452,22.149,1.392,2.677,0.062,7.316,0.423,3.372,175.19,162.459,2.24350931262677,2.21074377565064,46.138,48.566,50.995,3.245,74.557,0.01,气层,马五41a,0.0327655369761319,0.361,0.875,合采,气层,气层优势类
延938-5,4291.125,26.001,49.257,171.484,0.448,22.145,1.386,2.684,0.102,7.497,0.447,3.414,164.602,152.614,2.21643510781238,2.18359437532174,46.61,49.064,51.517,3.779,64.545,0.01,气层,马五41a,0.0328407324906421,0.345,0.895,合采,气层,气层优势类
延938-5,4291.25,25.147,49.34,171.341,0.444,22.141,1.336,2.689,0.13,7.7,0.475,3.452,154.524,143.307,2.18899594174202,2.15626740454336,47.415,49.91,52.406,4.135,57.548,0.01,气层,马五41a,0.0327285371986616,0.345,0.919,合采,气层,气层优势类
延938-5,4291.375,24.64,49.459,171.211,0.441,22.137,1.272,2.692,0.147,7.862,0.497,3.476,145.234,134.811,2.16206829875975,2.1297253302141,48.465,51.017,53.567,4.12,57.253,0.01,气层,马五41a,0.0323429685456489,0.35,0.938,合采,气层,气层优势类
延938-5,4291.5,25.269,49.612,171.057,0.437,22.132,1.288,2.69,0.136,7.938,0.507,3.482,135.979,126.422,2.13347184301489,2.1018226565984,49.415,52.016,54.616,4.152,56.135,0.01,气层,马五41a,0.0316491864164936,0.371,0.944,合采,气层,气层优势类
延938-5,4291.625,26.232,49.801,170.705,0.428,22.122,1.396,2.683,0.096,7.922,0.505,3.468,126.49,117.8,2.10205619257519,2.07114529045108,50.314,52.962,55.61,4.233,54.624,0.01,气层,马五41a,0.0309109021241061,0.409,0.933,合采,气层,气层优势类
延938-5,4291.75,26.038,50.018,169.956,0.408,22.099,1.48,2.672,0.034,7.838,0.493,3.438,118.568,110.577,2.07396749426752,2.04366480317263,50.923,53.603,56.283,4.3,53.592,0.011,气层,马五41a,0.0303026910948967,0.459,0.901,合采,气层,气层优势类
延938-5,4291.875,24.39,50.255,168.776,0.376,22.063,1.505,2.669,0.017,7.712,0.476,3.398,115.434,107.776,2.06233374502054,2.03252206114752,51.472,54.181,56.89,3.727,62.502,0.01,气层,马五41a,0.0298116838730271,0.459,0.852,合采,气层,气层优势类
延938-5,4292.0,23.565,50.505,167.269,0.337,22.018,1.579,2.68,0.079,7.57,0.457,3.354,117.835,110.113,2.07127430614891,2.04183859503875,53.019,55.81,58.6,3.157,71.163,0.01,气层,马五41a,0.0294357111101538,0.378,0.794,合采,气层,气层优势类
延1195,3970.0,16.449,46.489,159.588,0.089,22.085,1.736,2.74,0.71,11.005,0.472,3.344,88.514,84.409,1.94701196721629,1.92638875517959,58.552,56.128,54.512,6.481,29.716,0.063,气层,马五41a,0.0206232120366925,-0.238,0.561,合采,气层,气层优势类
延1195,3970.125,17.982,46.442,161.857,0.11,22.185,1.813,2.719,0.663,11.399,0.506,3.365,73.352,69.959,1.86541195972153,1.8448435930081,64.215,60.375,57.816,7.283,25.829,0.105,气层,马五41a,0.0205683667134287,-0.157,0.616,合采,气层,气层优势类
延1195,3970.25,19.373,46.419,164.4,0.132,22.403,1.861,2.698,0.616,11.765,0.538,3.36,60.719,57.708,1.78332461041611,1.76123602312143,69.774,64.583,61.123,7.484,24.237,0.118,气层,马五41a,0.0220885872946783,-0.078,0.67,合采,气层,气层优势类
延1195,3970.375,20.175,46.412,166.691,0.153,22.698,1.883,2.689,0.596,12.207,0.576,3.352,53.055,50.127,1.72472631887043,1.70007171374067,70.274,64.533,60.706,8.245,21.878,0.181,气层,马五41a,0.0246546051297589,-0.02,0.729,合采,气层,气层优势类
延1195,3970.5,19.747,46.419,168.208,0.166,22.967,1.855,2.694,0.607,12.427,0.595,3.344,50.168,47.136,1.70042678776729,1.67335272516254,64.078,58.922,55.485,8.416,22.199,0.197,气层,马五41a,0.0270740626047565,-0.012,0.761,合采,气层,气层优势类
延1195,3970.625,18.4,46.434,169.199,0.175,23.042,1.751,2.704,0.629,12.185,0.574,3.346,50.955,47.708,1.70718680592571,1.67859121058177,52.575,48.948,46.53,7.834,26.393,0.145,气层,马五41a,0.0285955953439347,-0.055,0.749,合采,气层,气层优势类
延1195,3970.75,17.119,46.469,169.593,0.179,22.884,1.623,2.708,0.638,11.762,0.537,3.35,54.235,50.724,1.73427964449282,1.70521349387664,38.899,37.092,35.888,7.809,28.371,0.142,气层,马五41a,0.0290661506161765,-0.101,0.716,合采,气层,气层优势类
延1195,3970.875,17.001,46.495,169.527,0.178,22.616,1.591,2.706,0.634,11.645,0.527,3.329,58.377,54.624,1.76624177278761,1.73738349943464,34.948,33.406,32.379,7.809,31.731,0.142,气层,马五41a,0.028858273352971,-0.107,0.705,合采,气层,气层优势类
延1195,3971.0,17.39,46.521,170.25,0.185,22.473,1.567,2.701,0.622,11.89,0.549,3.336,62.572,58.652,1.79638003663138,1.76828282590005,40.327,37.616,35.809,7.871,30.008,0.147,气层,马五41a,0.028097210731338,-0.073,0.734,合采,气层,气层优势类
延1195,3971.125,17.765,46.547,172.263,0.203,22.498,1.557,2.696,0.611,12.12,0.569,3.337,65.92,61.951,1.81901719868906,1.79204832105876,46.712,42.82,40.226,7.951,28.525,0.154,气层,马五41a,0.0269688776302985,-0.042,0.772,合采,气层,气层优势类
延1195,3971.25,18.013,46.572,175.318,0.23,22.581,1.555,2.69,0.598,11.92,0.551,3.31,67.639,63.721,1.83019717820287,1.80428258274545,49.142,44.977,42.2,8.158,26.751,0.172,气层,马五41a,0.0259145954574251,-0.0469999999999999,0.781,合采,气层,气层优势类
延1195,3971.375,18.078,46.597,177.917,0.254,22.627,1.537,2.681,0.578,11.643,0.527,3.336,67.192,63.384,1.82731756825206,1.80197964291853,46.872,43.401,41.086,8.315,26.576,0.187,气层,马五41a,0.0253379253335313,-0.0509999999999999,0.781,合采,气层,气层优势类
延1195,3971.5,17.969,46.622,178.775,0.261,22.658,1.494,2.664,0.539,11.781,0.539,3.381,64.937,61.228,1.81249222094627,1.78695007352768,43.992,41.225,39.38,8.337,26.893,0.189,气层,马五41a,0.0255421474185813,0.0,0.8,合采,气层,气层优势类
延1195,3971.625,17.713,46.647,177.73,0.252,22.726,1.433,2.639,0.483,12.24,0.579,3.389,62.031,58.339,1.79260878247048,1.76595898052442,42.997,40.438,38.731,8.945,25.393,0.259,气层,马五41a,0.0266498019460668,0.096,0.831,合采,气层,气层优势类
延1195,3971.75,17.238,46.674,175.382,0.231,22.798,1.351,2.616,0.431,12.413,0.594,3.384,60.038,56.185,1.7784262164921,1.74962038519993,43.369,40.775,39.046,8.916,25.45,0.255,气层,马五41a,0.0288058312921697,0.163,0.825,合采,气层,气层优势类
延1195,3971.875,16.684,46.703,171.355,0.195,22.812,1.25,2.609,0.416,11.983,0.557,3.377,60.854,56.598,1.78428913015578,1.75280108482237,43.669,41.198,39.551,7.97,28.305,0.157,气层,马五41a,0.0314880453334152,0.141,0.752,合采,气层,气层优势类
延1195,3972.0,16.15,46.738,166.004,0.147,22.763,1.17,2.627,0.456,11.349,0.502,3.375,65.631,60.748,1.81710902152301,1.78353198427427,44.252,41.957,40.427,7.548,29.497,0.122,气层,马五41a,0.0335770372487405,0.046,0.649,合采,气层,气层优势类
靖43-2,4109.5,31.92,69.93,163.52,0.094,23.882,2.354,2.74,0.507,8.677,0.505,3.455,339.153,263.157,2.53039566299822,2.42021492677944,86.106,86.106,86.021,0.01,100.0,0.001,含气层,马五41a,0.110180736218779,-0.002,0.599,单采,含气层,气层优势类
靖43-2,4109.625,28.717,68.763,159.699,0.041,23.867,1.839,2.756,0.565,7.972,0.435,3.344,421.73,339.019,2.6250344958952,2.53022403850965,79.353,79.353,79.54,0.01,100.0,0.001,含气层,马五41a,0.0948104573855568,-0.13,0.476,单采,含气层,气层优势类
靖43-2,4109.75,26.776,67.543,157.503,0.01,23.842,1.681,2.775,0.634,6.94,0.333,3.286,449.284,376.645,2.65252095267841,2.57593220650424,73.698,73.698,74.018,0.01,100.0,0.001,含气层,马五41a,0.0765887461741661,-0.301,0.343,单采,含气层,气层优势类
靖43-2,4109.875,25.798,66.34,156.775,0.0,23.748,1.653,2.79,0.688,5.727,0.213,3.383,410.235,360.09,2.61303271029472,2.55641106081832,73.489,73.489,73.909,0.01,100.0,0.001,含气层,马五41a,0.0566216494764005,-0.475,0.213,单采,含气层,气层优势类
靖43-2,4110.0,25.231,65.24,157.385,0.009,23.612,1.639,2.796,0.71,4.872,0.128,3.674,322.68,296.508,2.50877204827093,2.47203641543716,77.832,77.832,78.166,0.01,100.0,0.001,含气层,马五41a,0.0367356328337665,-0.582,0.137,单采,含气层,气层优势类
靖43-2,4110.125,25.047,64.263,159.584,0.039,23.508,1.655,2.795,0.707,4.754,0.116,3.969,232.646,223.187,2.36669558988944,2.34866889459938,75.974,75.974,75.914,0.01,100.0,0.001,含气层,马五41a,0.0180266952900627,-0.591,0.155,单采,含气层,气层优势类
靖43-2,4110.25,25.417,63.422,163.175,0.09,23.428,1.705,2.787,0.678,5.299,0.17,4.089,162.978,162.209,2.21212898401475,2.21007494692755,64.24,64.24,63.699,0.01,100.0,0.001,含气层,马五41a,0.00205403708720109,-0.508,0.26,单采,含气层,气层优势类
靖43-2,4110.375,25.914,62.736,167.118,0.145,23.476,1.755,2.781,0.656,5.898,0.23,3.988,120.691,123.122,2.08167488570573,2.09033566158227,51.788,51.788,50.874,0.01,100.0,0.001,含气层,马五41a,-0.00866077587653979,-0.426,0.375,单采,含气层,气层优势类
靖43-2,4110.5,25.964,62.193,170.963,0.199,23.575,1.796,2.774,0.63,5.918,0.232,3.826,96.114,99.615,1.98278665176749,1.99832473929453,45.063,45.063,43.843,0.01,100.0,0.001,含气层,马五41a,-0.0155380875270341,-0.398,0.431,单采,含气层,气层优势类
靖72-2,4133.0,40.289,43.873,159.414,0.138,22.462,1.864,2.699,0.17,4.753,0.015,3.662,215.815,202.866,2.33408162658801,2.30720926610828,99.899,99.899,104.061,0.163,100.0,0.002,含气层,马五41a,0.0268723604797305,-0.155,0.153,单采,含气层,气层优势类
靖72-2,4133.125,38.539,43.591,161.315,0.172,22.45,1.719,2.708,0.214,4.506,0.001,3.422,146.013,137.253,2.16439152411953,2.13752184579395,86.988,86.988,90.612,2.326,100.0,0.016,含气层,马五41a,0.0268696783255895,-0.213,0.173,单采,含气层,气层优势类
靖72-2,4133.25,35.754,43.139,163.127,0.205,22.367,1.663,2.715,0.248,5.137,0.036,3.3,114.049,107.206,2.0570914816654,2.0302190922035,75.683,75.683,78.836,4.247,76.509,0.037,含气层,马五41a,0.0268723894618987,-0.212,0.241,单采,含气层,气层优势类
靖72-2,4133.375,33.278,42.654,164.231,0.225,22.288,1.663,2.719,0.267,6.636,0.119,3.282,106.806,100.398,2.02859565057361,2.00172506143833,68.859,68.859,71.729,5.248,67.342,0.056,含气层,马五41a,0.0268705891352781,-0.148,0.344,单采,含气层,气层优势类
靖72-2,4133.5,32.524,42.378,165.729,0.252,22.142,1.69,2.724,0.291,7.623,0.174,3.317,106.086,99.721,2.02565807453356,1.99878662494911,57.202,57.202,59.585,6.124,60.673,0.081,含气层,马五41a,0.0268714495844566,-0.117,0.426,单采,含气层,气层优势类
靖72-2,4133.625,32.247,41.947,166.045,0.257,22.086,1.712,2.728,0.311,8.995,0.25,3.353,107.191,100.76,2.03015832253565,2.00328815882608,50.436,50.436,52.537,6.971,58.033,0.116,含气层,马五41a,0.0268701637095741,-0.061,0.507,单采,含气层,气层优势类
靖72-2,4133.75,31.894,41.683,165.106,0.24,22.096,1.737,2.738,0.359,9.632,0.285,3.432,106.346,99.965,2.02672115939533,1.99984797032459,41.724,41.724,43.463,7.067,62.524,0.12,含气层,马五41a,0.0268731890707412,-0.074,0.525,单采,含气层,气层优势类
靖72-2,4133.875,30.285,41.271,164.188,0.224,22.079,1.724,2.743,0.383,9.989,0.305,3.487,97.437,91.591,1.98872390394743,1.96185280071623,34.835,34.835,36.286,7.06,65.56,0.119,含气层,马五41a,0.0268711032312043,-0.078,0.529,单采,含气层,气层优势类
靖72-2,4134.0,28.584,40.839,164.132,0.223,22.049,1.697,2.744,0.388,9.893,0.3,3.494,89.729,84.346,1.95293282770972,1.92606449155918,31.675,31.675,32.995,7.101,69.647,0.122,含气层,马五41a,0.0268683361505395,-0.088,0.523,单采,含气层,气层优势类
延929-2,4192.0,18.31,39.187,178.076,0.271,22.372,1.538,2.691,0.568,10.094,0.398,3.17,285.988,269.493,2.45634781060066,2.4305474890001,43.618,43.618,42.384,7.254,46.031,0.103,含气层,马五41a,0.0258003216005522,-0.17,0.669,单采,含气层,气层优势类
延929-2,4192.125,18.045,38.691,180.278,0.298,22.456,1.498,2.672,0.531,10.408,0.421,3.187,292.088,275.242,2.46551371499876,2.4397147049141,42.452,42.452,41.212,7.55,45.016,0.122,含气层,马五41a,0.0257990100846603,-0.11,0.719,单采,含气层,气层优势类
延929-2,4192.25,17.822,38.249,181.466,0.312,22.549,1.447,2.651,0.49,10.746,0.446,3.198,288.566,271.922,2.46024515945933,2.43444434584453,40.794,40.794,39.54,7.826,44.395,0.143,含气层,马五41a,0.0258008136147967,-0.044,0.758,单采,含气层,气层优势类
延929-2,4192.375,17.685,37.846,181.583,0.313,22.604,1.395,2.632,0.453,11.0,0.465,3.201,282.146,265.872,2.45047389763196,2.42467260252227,38.913,38.913,37.638,8.187,43.314,0.175,含气层,马五41a,0.0258012951096918,0.012,0.778,单采,含气层,气层优势类
延929-2,4192.5,17.54,37.466,180.783,0.304,22.604,1.353,2.607,0.404,11.114,0.473,3.193,279.408,263.292,2.44623883666047,2.42043766347888,37.186,37.186,35.885,8.41,42.739,0.197,含气层,马五41a,0.0258011731815855,0.0689999999999999,0.777,单采,含气层,气层优势类
延929-2,4192.625,17.131,37.098,179.341,0.286,22.561,1.335,2.592,0.375,11.095,0.472,3.198,283.792,267.423,2.45300014868021,2.42719875649187,36.125,36.125,34.787,8.427,42.782,0.199,含气层,马五41a,0.0258013921883364,0.097,0.758,单采,含气层,气层优势类
延929-2,4192.75,16.549,36.738,177.755,0.267,22.521,1.337,2.591,0.373,11.044,0.468,3.267,291.52,274.706,2.4646683552929,2.43886814518115,35.96,35.96,34.568,8.299,42.806,0.186,含气层,马五41a,0.0258002101117514,0.095,0.735,单采,含气层,气层优势类
延929-2,4192.875,16.234,36.388,176.301,0.25,22.557,1.349,2.599,0.389,11.017,0.466,3.385,298.414,281.202,2.47481919406913,2.44901840520225,37.157,37.157,35.683,8.116,42.291,0.168,含气层,马五41a,0.0258007888668836,0.077,0.716,单采,含气层,气层优势类
延929-2,4193.0,16.735,36.046,175.135,0.236,22.688,1.359,2.612,0.414,11.033,0.467,3.463,307.387,289.657,2.48768549638543,2.46188402834565,39.936,39.936,38.354,7.954,41.397,0.154,含气层,马五41a,0.0258014680397709,0.053,0.703,单采,含气层,气层优势类
延929-2,4193.125,17.613,35.717,174.342,0.227,22.832,1.357,2.623,0.436,11.083,0.471,3.455,326.756,307.91,2.5142235709824,2.4884237937239,43.456,43.456,41.795,7.854,40.208,0.146,含气层,马五41a,0.0257997772584937,0.035,0.698,单采,含气层,气层优势类
延929-2,4193.25,17.951,35.402,173.767,0.22,22.926,1.345,2.63,0.449,11.119,0.474,3.422,356.777,336.199,2.55239684936147,2.52659641732734,47.215,47.215,45.525,7.824,38.648,0.143,含气层,马五41a,0.0258004320341265,0.025,0.694,单采,含气层,气层优势类
延929-2,4193.375,17.732,35.104,173.205,0.213,22.951,1.324,2.632,0.453,11.11,0.473,3.385,392.574,369.932,2.59392153308762,2.56812190044847,51.343,51.343,49.681,7.837,36.82,0.144,含气层,马五41a,0.0257996326391532,0.02,0.686,单采,含气层,气层优势类
延929-2,4193.5,17.459,34.823,172.365,0.203,22.909,1.315,2.631,0.451,11.05,0.469,3.374,434.189,409.146,2.63767881658543,2.61187830966971,56.108,56.108,54.545,7.854,34.674,0.146,含气层,马五41a,0.0258005069157199,0.018,0.672,单采,含气层,气层优势类
延929-2,4193.625,18.043,34.56,170.792,0.184,22.809,1.352,2.63,0.449,10.98,0.464,3.466,485.631,457.621,2.68630640191239,2.66050594579995,62.585,62.585,61.231,7.859,32.181,0.146,含气层,马五41a,0.0258004561124392,0.015,0.648,单采,含气层,气层优势类
延929-2,4193.75,19.33,34.315,168.411,0.156,22.726,1.437,2.63,0.449,10.925,0.459,3.639,541.012,509.808,2.73320689814905,2.70740664621484,71.976,71.976,70.976,7.843,29.347,0.145,含气层,马五41a,0.0258002519342155,0.01,0.615,单采,含气层,气层优势类
延929-2,4193.875,20.61,34.091,165.376,0.12,22.711,1.535,2.631,0.451,10.822,0.452,3.753,591.969,557.826,2.77229896435561,2.74649875265749,86.181,86.181,85.732,7.778,26.479,0.14,含气层,马五41a,0.0258002116981184,0.001,0.572,单采,含气层,气层优势类
延929-2,4194.0,21.349,33.884,162.154,0.081,22.724,1.603,2.636,0.461,10.562,0.432,3.661,635.983,599.301,2.80344550699296,2.77764500236546,107.103,107.103,107.193,6.818,26.915,0.078,含气层,马五41a,0.0258005046274987,-0.029,0.513,单采,含气层,气层优势类
延931,3714.0,30.425,61.47,178.793,0.281,22.129,2.187,2.705,0.488,7.799,0.202,3.191,948.217,855.417,2.97690773725167,2.93217787689207,201.406,201.406,208.105,2.206,52.771,0.007,含气层,马五41a,0.0447298603595994,-0.286,0.483,单采,含气层,气层优势类
延931,3714.125,24.494,60.19,178.193,0.275,22.112,2.122,2.665,0.351,7.285,0.134,2.95,510.964,460.954,2.70839030296817,2.6636575879863,188.628,188.628,184.498,3.517,35.917,0.01,含气层,马五41a,0.0447327149818708,-0.217,0.409,单采,含气层,气层优势类
延931,3714.25,22.844,58.9,177.955,0.273,22.065,2.113,2.629,0.227,7.325,0.139,2.746,316.21,285.26,2.49997560018236,2.45524087787096,162.287,162.287,151.131,4.292,26.502,0.016,含气层,马五41a,0.0447347223114032,-0.088,0.412,单采,含气层,气层优势类
延931,3714.375,22.958,57.627,178.308,0.276,22.005,2.095,2.599,0.124,7.925,0.218,2.69,231.233,208.598,2.36404981372423,2.31931014017331,129.156,129.156,116.029,5.255,24.999,0.033,含气层,马五41a,0.0447396735509202,0.094,0.494,单采,含气层,气层优势类
延931,3714.5,23.594,56.383,178.95,0.283,21.975,2.059,2.578,0.052,8.846,0.34,2.728,202.062,182.283,2.30548464730046,2.26074616755538,96.938,96.938,85.952,6.125,24.207,0.051,含气层,马五41a,0.0447384797450883,0.288,0.623,单采,含气层,气层优势类
延945,3959.0,29.148,70.037,164.086,0.154,22.22,1.966,2.723,0.283,2.043,0.046,4.111,375.485,380.672,2.57459259234592,2.5805509338338,87.279,87.279,82.648,0.0,100.0,0.0,含气层,马五41a,-0.00595834148788255,-0.237,0.2,单采,含气层,气层优势类
延945,3959.125,24.986,69.796,164.132,0.155,22.322,1.843,2.727,0.309,2.311,0.069,4.071,378.327,387.218,2.57786733662074,2.58795553747669,80.712,80.712,73.767,0.0,100.0,0.0,含气层,马五41a,-0.0100882008559506,-0.24,0.224,单采,含气层,气层优势类
延945,3959.25,22.068,69.575,164.483,0.162,22.43,1.684,2.73,0.329,2.76,0.109,4.037,309.349,318.907,2.49044871646016,2.50366405209968,75.154,75.154,67.331,0.0,100.0,0.0,含气层,马五41a,-0.0132153356395195,-0.22,0.271,单采,含气层,气层优势类
延945,3959.375,20.328,69.37,165.09,0.174,22.507,1.588,2.732,0.342,3.48,0.173,4.015,226.846,234.529,2.35573112570808,2.37019655179,70.158,70.158,63.12,0.0,100.0,0.0,含气层,马五41a,-0.0144654260819226,-0.169,0.347,单采,含气层,气层优势类
延945,3959.5,19.17,69.18,165.809,0.189,22.577,1.522,2.732,0.342,4.528,0.266,3.989,167.579,172.737,2.2242195945118,2.23738537274257,65.914,65.914,60.918,2.959,80.143,0.116,含气层,马五41a,-0.013165778230765,-0.076,0.455,单采,含气层,气层优势类
延945,3959.625,18.259,69.006,166.431,0.201,22.608,1.453,2.732,0.342,5.803,0.379,3.95,140.403,143.964,2.14737638749127,2.15825390490081,62.427,62.427,60.169,3.227,74.037,0.164,含气层,马五41a,-0.0108775174095421,0.037,0.58,单采,含气层,气层优势类
延945,3959.75,18.048,68.844,166.85,0.21,22.59,1.393,2.729,0.322,7.146,0.498,3.89,131.509,134.218,2.11895547538537,2.12781076304952,60.269,60.269,59.647,3.295,72.751,0.179,含气层,马五41a,-0.00885528766414856,0.176,0.708,单采,含气层,气层优势类
延945,3959.875,19.13,68.696,167.055,0.214,22.556,1.381,2.728,0.316,8.289,0.599,3.809,134.77,137.086,2.12959322836793,2.13699310443791,59.259,59.259,59.039,3.292,73.082,0.179,含气层,马五41a,-0.00739987606997916,0.283,0.813,单采,含气层,气层优势类
延945,3960.0,20.771,68.563,167.12,0.215,22.521,1.396,2.73,0.329,8.985,0.661,3.703,144.315,146.673,2.15931147370378,2.16635017498698,59.01,59.01,58.753,3.214,75.177,0.161,含气层,马五41a,-0.00703870128319961,0.332,0.876,单采,含气层,气层优势类
延945,3960.125,21.298,68.444,167.133,0.216,22.512,1.386,2.733,0.349,9.108,0.672,3.516,153.069,155.781,2.18488724496251,2.19251448736515,59.794,59.794,59.18,3.048,79.55,0.127,含气层,马五41a,-0.00762724240264534,0.323,0.888,单采,含气层,气层优势类
延945,3960.25,19.994,68.34,167.116,0.215,22.512,1.31,2.735,0.362,8.846,0.649,3.277,154.969,158.087,2.19024483058686,2.19889615797525,63.347,63.347,60.922,3.032,78.924,0.124,含气层,马五41a,-0.00865132738838481,0.287,0.864,单采,含气层,气层优势类
延945,3960.375,17.837,68.253,167.049,0.214,22.512,1.233,2.734,0.355,8.523,0.62,3.11,148.699,151.954,2.17230804790365,2.18171213682835,68.128,68.128,64.526,3.195,72.98,0.157,含气层,马五41a,-0.00940408892470579,0.265,0.834,单采,含气层,气层优势类
延945,3960.5,15.905,68.184,166.887,0.211,22.529,1.199,2.73,0.329,8.421,0.611,3.029,137.75,140.792,2.13909160752382,2.14857797828221,73.787,73.787,69.928,3.402,65.845,0.207,含气层,马五41a,-0.00948637075839098,0.282,0.822,单采,含气层,气层优势类
延945,3960.625,14.7,68.138,166.562,0.204,22.578,1.205,2.724,0.289,8.566,0.624,2.993,127.322,129.915,2.10490345198904,2.11365929765606,76.68,76.68,75.587,3.477,63.315,0.228,含气层,马五41a,-0.00875584566702781,0.335,0.828,单采,含气层,气层优势类
延945,3960.75,14.018,68.118,166.059,0.194,22.651,1.218,2.721,0.27,8.792,0.644,2.99,121.31,123.478,2.08389660272817,2.09158958650492,80.017,80.017,78.835,3.637,58.188,0.277,含气层,马五41a,-0.00769298377674854,0.374,0.838,单采,含气层,气层优势类
延945,3960.875,13.75,68.128,165.386,0.18,22.716,1.238,2.724,0.289,8.899,0.653,2.999,120.497,122.397,2.08097623446554,2.0877707732065,80.993,80.993,79.292,3.698,56.092,0.298,含气层,马五41a,-0.0067945387409587,0.364,0.833,单采,含气层,气层优势类
延945,3961.0,13.768,68.177,164.529,0.163,22.749,1.256,2.734,0.355,8.874,0.651,3.003,124.364,126.252,2.09469468209092,2.10123826664879,78.917,78.917,80.037,3.586,57.82,0.261,含气层,马五41a,-0.00654358455786763,0.296,0.814,单采,含气层,气层优势类
延945,3961.125,13.84,68.267,163.53,0.142,22.782,1.263,2.747,0.441,8.707,0.636,3.008,130.196,132.25,2.11459764164682,2.12139568070722,81.368,81.368,85.134,3.403,59.688,0.207,含气层,马五41a,-0.00679803906040277,0.195,0.778,单采,含气层,气层优势类
延945,3961.25,14.135,68.405,162.434,0.12,22.802,1.25,2.761,0.533,8.427,0.612,3.034,136.221,138.494,2.13424406411931,2.14143095879155,90.493,90.493,96.772,3.258,60.235,0.171,含气层,马五41a,-0.00718689467223665,0.079,0.732,单采,含气层,气层优势类
延945,3961.375,14.895,68.601,161.366,0.098,22.816,1.18,2.772,0.605,8.182,0.59,3.081,141.587,143.995,2.15102337985483,2.15834741216393,104.168,104.168,112.889,3.108,60.117,0.139,含气层,马五41a,-0.00732403230909862,-0.015,0.688,单采,含气层,气层优势类
延945,3961.5,15.877,68.855,160.519,0.081,22.777,1.051,2.782,0.671,8.006,0.574,3.072,147.22,149.653,2.16796681339562,2.17508542729306,115.639,115.639,126.899,2.796,60.542,0.088,含气层,马五41a,-0.00711861389743973,-0.0970000000000001,0.655,单采,含气层,气层优势类
延945,3961.625,16.799,69.172,160.182,0.074,22.712,0.935,2.79,0.724,7.883,0.563,2.955,155.154,157.567,2.19076297653981,2.19746526633515,122.492,122.492,136.397,2.58,62.476,0.061,含气层,马五41a,-0.00670228979534304,-0.161,0.637,单采,含气层,气层优势类
延945,3961.75,17.404,69.554,160.581,0.082,22.62,0.896,2.796,0.763,7.735,0.55,2.887,167.771,170.229,2.22471689315284,2.23103354791731,125.569,125.569,141.934,2.438,64.572,0.048,含气层,马五41a,-0.00631665476446486,-0.213,0.632,单采,含气层,气层优势类
延945,3961.875,17.854,69.994,161.661,0.104,22.554,0.897,2.801,0.796,7.559,0.535,2.843,185.781,188.397,2.26900129621795,2.27507398288457,121.841,121.841,140.43,2.369,66.114,0.042,含气层,马五41a,-0.0060726866666192,-0.261,0.639,单采,含气层,气层优势类
延945,3962.0,18.574,70.491,163.269,0.137,22.516,0.932,2.803,0.809,7.341,0.515,2.803,209.949,212.874,2.32211381040756,2.32812262082737,110.062,110.062,129.924,2.294,69.262,0.036,含气层,马五41a,-0.00600881041981571,-0.294,0.652,单采,含气层,气层优势类
延991-3,4176.5,26.39,87.386,171.917,0.266,22.3,1.557,2.753,0.408,1.582,0.037,3.338,290.875,247.644,2.46370639629479,2.39382781021689,25.383,27.623,29.863,3.208,47.461,0.025,含气层,马五41a,0.0698785860778979,-0.371,0.303,单采,含气层,气层优势类
延991-3,4176.625,25.356,87.234,173.91,0.304,22.353,1.663,2.746,0.35,1.587,0.023,3.338,99.417,84.904,1.99746065376271,1.92892815122164,21.128,22.993,24.857,3.257,71.326,0.028,含气层,马五41a,0.0685325025410692,-0.327,0.327,单采,含气层,气层优势类
延991-3,4176.75,23.583,87.098,175.219,0.328,22.386,1.766,2.742,0.317,1.597,0.011,3.339,56.913,48.776,1.75521147875727,1.68820618201386,17.557,19.106,20.655,3.335,89.022,0.031,含气层,马五41a,0.0670052967434034,-0.306,0.339,单采,含气层,气层优势类
延991-3,4176.875,22.058,86.98,175.548,0.334,22.395,1.816,2.737,0.275,1.62,0.004,3.342,39.618,34.075,1.59789254765665,1.53243586450671,15.535,16.906,18.277,3.404,100.0,0.033,含气层,马五41a,0.065456683149943,-0.271,0.338,单采,含气层,气层优势类
延991-3,4177.0,21.271,86.877,175.01,0.324,22.379,1.805,2.732,0.233,1.656,0.001,3.344,32.169,27.743,1.50743756070825,1.44315342187783,14.59,15.877,17.164,3.445,100.0,0.035,含气层,马五41a,0.0642841388304169,-0.232,0.325,单采,含气层,气层优势类
延991-3,4177.125,20.779,86.789,173.927,0.304,22.348,1.744,2.73,0.217,1.711,0.0,3.347,29.609,25.568,1.47142373998587,1.4076967576339,14.401,15.671,16.942,3.478,100.0,0.036,含气层,马五41a,0.0637269823519688,-0.217,0.304,单采,含气层,气层优势类
延991-3,4177.25,20.064,86.716,172.807,0.283,22.316,1.639,2.728,0.2,1.803,0.001,3.35,29.747,25.684,1.47344317345476,1.40966266124446,14.828,16.137,17.445,3.528,100.0,0.039,含气层,马五41a,0.0637805122103055,-0.199,0.284,单采,含气层,气层优势类
延991-3,4177.375,19.251,86.659,172.241,0.272,22.301,1.523,2.728,0.2,1.937,0.005,3.353,31.356,27.052,1.49632065577495,1.43219937875331,15.795,17.189,18.582,3.596,100.0,0.043,含气层,马五41a,0.0641212770216453,-0.195,0.277,单采,含气层,气层优势类
延991-3,4177.5,18.763,86.617,172.285,0.273,22.305,1.458,2.73,0.217,2.103,0.009,3.359,33.088,28.524,1.51967051707783,1.45521042777581,17.145,18.658,20.171,3.662,100.0,0.046,含气层,马五41a,0.0644600893020246,-0.208,0.282,单采,含气层,气层优势类
延991-3,4177.625,18.752,86.588,172.672,0.28,22.318,1.47,2.732,0.233,2.271,0.014,3.366,34.482,29.71,1.53759244751734,1.47290265180366,18.648,20.293,21.938,3.715,100.0,0.048,含气层,马五41a,0.0646897957136772,-0.219,0.294,单采,含气层,气层优势类
延991-3,4177.75,19.291,86.574,172.985,0.286,22.327,1.572,2.734,0.25,2.38,0.017,3.373,35.797,30.828,1.55384663172659,1.48894535031397,19.548,21.273,22.999,3.737,99.769,0.05,含气层,马五41a,0.0649012814126171,-0.233,0.303,单采,含气层,气层优势类
延991-3,4177.875,20.463,86.576,172.933,0.285,22.325,1.817,2.735,0.258,2.394,0.017,3.376,37.566,32.331,1.57479495416876,1.50961913757677,19.428,21.142,22.856,3.705,98.491,0.048,含气层,马五41a,0.0651758165919871,-0.241,0.302,单采,含气层,气层优势类
延991-3,4178.0,21.84,86.594,172.531,0.278,22.314,2.154,2.738,0.283,2.313,0.017,3.375,39.803,34.233,1.59991580660496,1.53444496008895,19.573,21.3,23.027,3.635,97.533,0.044,含气层,马五41a,0.0654708465160108,-0.266,0.295,单采,含气层,气层优势类
延991-3,4178.125,22.76,86.627,171.931,0.267,22.299,2.452,2.741,0.308,2.167,0.023,3.372,42.377,36.421,1.62713020840209,1.56135186591029,21.115,22.978,24.842,3.56,96.52,0.04,含气层,马五41a,0.0657783424918015,-0.285,0.29,单采,含气层,气层优势类
延991-3,4178.25,22.801,86.678,171.279,0.254,22.281,2.641,2.745,0.342,2.03,0.035,3.368,45.163,38.788,1.65478278268101,1.58869738693812,24.85,27.043,29.235,3.513,94.717,0.038,含气层,马五41a,0.0660853957428928,-0.307,0.289,单采,含气层,气层优势类
延991-3,4178.375,22.146,86.748,170.709,0.244,22.267,2.732,2.75,0.383,1.948,0.056,3.366,47.789,41.021,1.67932794286593,1.61300624328706,31.045,33.783,36.522,3.509,92.199,0.038,含气层,马五41a,0.0663216995788745,-0.327,0.3,单采,含气层,气层优势类
延991-3,4178.5,21.465,86.837,170.237,0.235,22.255,2.771,2.756,0.433,1.939,0.074,3.366,49.808,42.737,1.69729910333844,1.63080403282165,36.59,39.818,43.047,3.527,89.857,0.039,含气层,马五41a,0.0664950705167946,-0.359,0.309,单采,含气层,气层优势类
横4-3,3496.0,38.696,72.105,155.012,0.078,23.574,3.332,2.762,0.685,8.244,0.399,2.937,192.499,169.914,2.28442847776343,2.23022916387349,43.916,65.205,82.453,0.752,100.0,0.001,含气层,马五41a,0.054199313889939,-0.286,0.477,单采,含气层,气层优势类
横4-3,3496.125,28.178,71.917,152.804,0.051,23.676,2.46,2.739,0.58,7.316,0.323,3.307,268.564,234.889,2.42904779668273,2.37086267896935,61.526,96.906,125.215,1.863,83.464,0.003,含气层,马五41a,0.0581851177133799,-0.257,0.374,单采,含气层,气层优势类
横4-3,3496.25,22.326,71.732,154.63,0.073,23.795,1.921,2.716,0.475,7.14,0.308,3.695,310.099,269.927,2.4915003657369,2.43124632792271,85.507,143.01,189.473,3.084,58.608,0.006,含气层,马五41a,0.0602540378141896,-0.167,0.381,单采,含气层,气层优势类
横4-3,3496.375,18.848,71.549,157.132,0.103,23.928,1.705,2.698,0.393,7.271,0.319,3.848,312.345,271.139,2.4946345581777,2.43319198997669,115.729,207.988,285.523,3.636,32.597,0.009,含气层,马五41a,0.0614425682010107,-0.074,0.422,单采,含气层,气层优势类
横4-3,3496.5,17.524,71.367,158.782,0.123,24.074,1.701,2.682,0.32,7.427,0.332,3.767,288.77,250.108,2.46055207286156,2.398127583375,111.555,206.191,287.185,3.838,22.977,0.01,含气层,马五41a,0.0624244894865575,0.012,0.455,单采,含气层,气层优势类
横4-3,3496.625,17.702,71.186,159.003,0.125,24.212,1.707,2.671,0.269,7.549,0.342,3.648,257.868,222.773,2.41139745192591,2.34786255337075,93.935,183.786,264.899,3.913,21.912,0.01,含气层,马五41a,0.0635348985551558,0.073,0.467,单采,含气层,气层优势类
横4-3,3496.75,18.292,71.007,157.898,0.112,24.327,1.698,2.667,0.251,7.707,0.355,3.577,225.105,194.019,2.35238514159445,2.28784426184316,76.123,155.506,232.802,3.887,22.841,0.01,含气层,马五41a,0.0645408797512856,0.104,0.467,单采,含气层,气层优势类
横4-3,3496.875,18.672,70.834,156.018,0.09,24.406,1.681,2.67,0.265,7.862,0.367,3.509,194.039,167.062,2.28788902777839,2.22287767630224,61.696,126.474,193.82,3.776,24.724,0.01,含气层,马五41a,0.0650113514761488,0.102,0.457,单采,含气层,气层优势类
横4-3,3497.0,18.75,70.664,155.588,0.085,24.463,1.648,2.679,0.306,7.936,0.373,3.359,169.804,146.239,2.22994791651728,2.16506320864162,50.956,102.224,158.992,3.78,27.881,0.01,含气层,马五41a,0.0648847078756525,0.067,0.458,单采,含气层,气层优势类
横4-3,3497.125,18.605,70.508,157.286,0.105,24.518,1.602,2.693,0.37,7.985,0.378,3.154,153.513,132.36,2.18614515889597,2.12175675848782,46.319,87.804,133.073,3.845,29.716,0.01,含气层,马五41a,0.0643884004081525,0.00800000000000001,0.483,单采,含气层,气层优势类
横4-3,3497.25,18.418,70.382,159.788,0.135,24.613,1.554,2.708,0.438,8.155,0.391,3.03,142.851,123.315,2.1548832849215,2.09101590726083,47.721,87.498,132.982,3.963,30.124,0.01,含气层,马五41a,0.0638673776606749,-0.047,0.526,单采,含气层,气层优势类
横4-3,3497.375,18.4,70.277,161.93,0.16,24.776,1.527,2.716,0.475,8.442,0.415,3.004,133.386,115.271,2.12511024905717,2.06172006077157,53.526,96.678,149.77,4.017,28.696,0.01,含气层,马五41a,0.0633901882855974,-0.06,0.575,单采,含气层,气层优势类
横4-3,3497.5,18.872,70.194,162.97,0.173,25.015,1.541,2.715,0.47,8.717,0.438,3.009,124.25,107.502,2.09429639740537,2.0314165440738,59.102,104.04,160.309,4.082,27.361,0.01,含气层,马五41a,0.0628798533315691,-0.032,0.611,单采,含气层,气层优势类
横4-3,3497.625,19.767,70.129,162.162,0.163,25.302,1.6,2.705,0.425,8.899,0.453,3.061,116.693,101.121,2.06704480503806,2.00484135575966,62.35,107.178,164.085,4.239,26.427,0.01,含气层,马五41a,0.0622034492784072,0.028,0.616,单采,含气层,气层优势类
横4-3,3497.75,20.433,70.072,161.267,0.152,25.548,1.668,2.69,0.356,8.997,0.461,3.189,110.991,96.374,2.04528776429292,1.98395988473751,61.698,103.865,157.631,4.442,25.734,0.011,含气层,马五41a,0.0613278795554151,0.105,0.613,单采,含气层,气层优势类
横4-3,3497.875,20.639,70.015,161.556,0.156,25.677,1.725,2.673,0.279,9.008,0.462,3.402,106.775,92.926,2.02846958009886,1.96813724334479,57.353,94.979,143.256,4.812,25.608,0.012,含气层,马五41a,0.0603323367540725,0.183,0.618,单采,含气层,气层优势类
横4-3,3498.0,20.65,69.954,162.228,0.164,25.693,1.76,2.66,0.219,9.013,0.462,3.631,103.637,90.418,2.01551483289056,1.95625489643229,51.373,83.897,126.145,5.151,25.11,0.018,含气层,马五41a,0.05925993645827,0.243,0.626,单采,含气层,气层优势类
靖93,3620.0,17.591,75.305,173.393,0.226,20.979,0.602,2.772,0.618,7.186,0.468,3.332,217.521,185.393,2.3375011911475,2.26809333218838,118.563,129.537,135.552,4.082,34.772,0.01,含气层,马五41a,0.0694078589591154,-0.15,0.694,单采,含气层,气层优势类
靖93,3620.125,16.682,75.071,175.899,0.256,20.872,0.638,2.761,0.59,7.365,0.481,3.282,186.613,159.121,2.27094189467097,2.20172749945975,105.442,114.721,119.217,5.102,29.651,0.022,含气层,马五41a,0.069214395211223,-0.109,0.737,单采,含气层,气层优势类
靖93,3620.25,16.867,74.845,176.296,0.261,20.809,0.688,2.751,0.565,7.578,0.498,3.238,159.353,135.95,2.20236024397029,2.13337921192352,99.475,107.96,111.824,5.102,31.092,0.022,含气层,马五41a,0.0689810320467692,-0.0669999999999999,0.759,单采,含气层,气层优势类
靖93,3620.375,17.69,74.627,175.151,0.247,20.786,0.759,2.746,0.553,7.767,0.512,3.21,138.927,118.588,2.14278665762738,2.07404074469896,98.864,107.181,110.902,5.102,32.02,0.022,含气层,马五41a,0.0687459129284185,-0.041,0.759,单采,含气层,气层优势类
靖93,3620.5,18.644,74.42,172.995,0.221,20.843,0.831,2.746,0.553,7.909,0.523,3.193,126.348,107.896,2.10156837173406,2.03300534449637,102.797,111.465,115.415,5.102,32.117,0.022,含气层,马五41a,0.0685630272376971,-0.03,0.744,单采,含气层,气层优势类
靖93,3620.625,19.308,74.225,170.434,0.19,20.946,0.879,2.751,0.565,7.953,0.527,3.183,123.189,105.211,2.09057192980419,2.02206114846371,109.719,119.084,123.507,5.102,31.433,0.022,含气层,马五41a,0.0685107813404855,-0.0379999999999999,0.717,单采,含气层,气层优势类
靖93,3620.75,18.765,74.046,168.158,0.162,21.097,0.908,2.756,0.578,7.853,0.519,3.172,129.717,110.759,2.11299689607161,2.04437902601501,116.956,127.068,131.995,5.102,30.547,0.022,含气层,马五41a,0.0686178700566034,-0.0589999999999999,0.681,单采,含气层,气层优势类
靖93,3620.875,18.487,73.883,166.574,0.143,21.275,0.979,2.761,0.59,7.614,0.501,3.16,142.03,121.225,2.1523800870476,2.08359219278756,122.156,132.791,138.049,5.102,29.709,0.022,含气层,马五41a,0.0687878942600411,-0.089,0.644,单采,含气层,气层优势类
靖93,3621.0,18.887,73.737,165.902,0.135,21.459,1.107,2.767,0.606,7.353,0.481,3.145,158.8,135.48,2.20085049809108,2.13187518797259,124.856,135.735,141.114,5.102,28.708,0.022,含气层,马五41a,0.0689753101184851,-0.125,0.616,单采,含气层,气层优势类
靖93,3621.125,19.964,73.608,166.142,0.138,21.544,1.236,2.775,0.626,7.17,0.466,3.128,177.902,151.717,2.25018083051271,2.1810342465253,125.929,136.876,142.258,5.102,28.535,0.022,含气层,马五41a,0.0691465839874112,-0.16,0.604,单采,含气层,气层优势类
靖93,3621.25,21.668,73.501,167.505,0.154,21.534,1.286,2.785,0.651,7.127,0.463,3.111,191.428,163.214,2.28200546194718,2.21275740847404,126.814,137.826,143.235,4.082,35.579,0.01,含气层,马五41a,0.0692480534731339,-0.188,0.617,单采,含气层,气层优势类
靖93,3621.375,22.652,73.413,169.649,0.18,21.507,1.277,2.794,0.673,7.206,0.469,3.09,194.406,165.745,2.28870966453408,2.21944043598986,127.963,139.1,144.604,4.082,35.491,0.01,含气层,马五41a,0.0692692285442238,-0.204,0.649,单采,含气层,气层优势类
靖93,3621.5,22.076,73.344,171.791,0.206,21.518,1.256,2.8,0.688,7.29,0.476,3.069,189.43,161.516,2.27744875926448,2.20821555061464,128.669,139.933,145.568,5.102,28.179,0.022,含气层,马五41a,0.0692332086498428,-0.212,0.682,单采,含气层,气层优势类
靖93,3621.625,20.439,73.293,172.824,0.219,21.595,1.263,2.8,0.688,7.294,0.476,3.048,182.537,155.657,2.26135090861249,2.1921686559727,128.896,140.302,146.135,5.102,28.124,0.022,含气层,马五41a,0.0691822526397896,-0.212,0.695,单采,含气层,气层优势类
靖93,3621.75,19.293,73.264,171.443,0.202,21.749,1.337,2.795,0.676,7.178,0.467,3.03,179.872,153.391,2.25496356361284,2.18579987874593,129.74,141.453,147.713,5.102,28.083,0.022,含气层,马五41a,0.0691636848669104,-0.209,0.669,单采,含气层,气层优势类
靖93,3621.875,18.984,73.252,168.099,0.161,21.935,1.493,2.787,0.656,6.967,0.451,3.025,184.805,157.585,2.26671371711696,2.19751487605162,132.81,145.178,152.298,5.102,27.99,0.022,含气层,马五41a,0.0691988410653344,-0.205,0.612,单采,含气层,气层优势类
靖93,3622.0,19.3,73.256,163.893,0.11,22.099,1.717,2.781,0.641,6.763,0.435,3.037,197.843,168.667,2.29632068884438,2.22703012040878,141.098,154.842,163.719,4.082,34.077,0.01,含气层,马五41a,0.069290568435604,-0.206,0.545,单采,含气层,气层优势类
延919,3817.0,16.229,24.523,165.674,0.299,21.368,1.656,2.682,0.543,7.614,0.265,3.081,90.998,94.468,1.95903184728253,1.97528472092244,32.371,,27.599,4.606,100.0,0.1,含气层,马五41a,-0.0162528736399017,-0.278,0.564,单采,含气层,气层优势类
延919,3817.125,16.281,23.506,164.975,0.286,21.367,1.654,2.66,0.457,7.687,0.276,3.058,85.678,89.377,1.93286932011253,1.95122577317832,30.367,,25.913,5.156,100.0,0.116,含气层,马五41a,-0.0183564530657874,-0.181,0.562,单采,含气层,气层优势类
延919,3817.25,18.647,22.579,164.521,0.277,21.364,1.752,2.648,0.411,7.723,0.281,3.053,78.795,82.709,1.89649865985879,1.91755276998385,29.217,,24.974,5.343,100.0,0.136,含气层,马五41a,-0.0210541101250634,-0.13,0.558,单采,含气层,气层优势类
延919,3817.375,20.997,21.775,164.326,0.274,21.361,1.731,2.647,0.407,7.736,0.283,3.05,74.994,78.592,1.87502651844333,1.89537834078904,28.737,,24.632,5.267,100.0,0.127,含气层,马五41a,-0.0203518223457049,-0.124,0.557,单采,含气层,气层优势类
延919,3817.5,20.949,21.121,164.351,0.274,21.369,1.416,2.656,0.442,7.658,0.272,3.042,76.567,80.453,1.88404163117426,1.9055422430796,28.773,,24.781,5.01,100.0,0.102,含气层,马五41a,-0.0215006119053363,-0.17,0.546,单采,含气层,气层优势类
延919,3817.625,21.054,20.648,164.461,0.276,21.373,1.281,2.673,0.508,7.496,0.249,3.027,76.433,80.396,1.88328090600492,1.90523444152031,29.169,,25.317,4.509,100.0,0.1,含气层,马五41a,-0.0219535355153944,-0.259,0.525,单采,含气层,气层优势类
延919,3817.75,20.428,20.327,164.447,0.276,21.382,1.323,2.691,0.578,7.286,0.219,3.011,77.387,81.119,1.88866801103883,1.90912258822744,29.887,,26.214,3.988,100.0,0.1,含气层,马五41a,-0.0204545771886147,-0.359,0.495,单采,含气层,气层优势类
延919,3817.875,18.853,20.15,164.175,0.271,21.39,1.321,2.708,0.643,7.064,0.187,3.005,80.034,83.688,1.90327452293564,1.92266318908758,31.009,,27.553,3.553,100.0,0.1,含气层,马五41a,-0.0193886661519409,-0.456,0.458,单采,含气层,气层优势类
延919,3818.0,17.291,20.109,163.611,0.261,21.397,1.393,2.724,0.705,6.893,0.163,3.014,83.365,86.85,1.92098375450738,1.93876982278312,32.495,,29.327,3.192,100.0,0.1,含气层,马五41a,-0.0177860682757394,-0.542,0.424,单采,含气层,气层优势类
延919,3818.125,18.513,20.203,162.797,0.246,21.396,1.527,2.736,0.752,6.729,0.14,3.046,86.679,89.701,1.93791389229952,1.95279728465012,34.114,,31.406,2.792,100.0,0.1,含气层,马五41a,-0.0148833923506031,-0.612,0.386,单采,含气层,气层优势类
延919,3818.25,20.199,20.398,161.907,0.229,21.394,1.496,2.74,0.767,6.548,0.114,3.093,90.591,93.028,1.95708505369791,1.96861368420217,35.853,,33.749,2.534,100.0,0.1,含气层,马五41a,-0.0115286305042581,-0.653,0.343,单采,含气层,气层优势类
延919,3818.375,20.388,20.692,161.039,0.213,21.402,1.377,2.734,0.744,6.376,0.09,3.146,93.63,95.72,1.971415023385,1.9810026899414,38.346,,36.912,2.563,100.0,0.1,含气层,马五41a,-0.00958766655640453,-0.654,0.303,单采,含气层,气层优势类
延919,3818.5,19.468,21.08,160.238,0.198,21.401,1.401,2.723,0.702,6.247,0.071,3.195,95.716,97.633,1.98098454102554,1.98959663421962,42.361,,41.552,2.767,100.0,0.1,含气层,马五41a,-0.00861209319407963,-0.631,0.269,单采,含气层,气层优势类
延919,3818.625,19.066,21.573,159.489,0.185,21.407,1.497,2.716,0.674,6.195,0.064,3.232,97.326,98.486,1.98822887467893,1.99337449897601,48.248,,48.016,2.906,100.0,0.1,含气层,马五41a,-0.00514562429708176,-0.61,0.249,单采,含气层,气层优势类
延919,3818.75,19.623,22.155,158.736,0.171,21.42,1.519,2.718,0.682,6.187,0.063,3.257,101.711,101.806,2.00736792422032,2.00777337417072,55.838,,55.781,2.841,100.0,0.1,含气层,马五41a,-0.000405449950396708,-0.619,0.234,单采,含气层,气层优势类
延919,3818.875,20.295,22.839,157.949,0.156,21.434,1.437,2.728,0.721,6.207,0.066,3.275,108.537,107.291,2.03557781336054,2.0305632931284,64.146,,63.944,2.613,100.0,0.1,含气层,马五41a,0.00501452023214144,-0.655,0.222,单采,含气层,气层优势类
延919,3819.0,21.077,23.637,157.137,0.141,21.455,1.25,2.741,0.771,6.253,0.072,3.296,114.825,112.407,2.06003645408996,2.05079335720024,71.059,,71.029,2.331,100.0,0.1,含气层,马五41a,0.00924309688971725,-0.699,0.213,单采,含气层,气层优势类
延919,3819.125,20.914,24.561,156.341,0.126,21.462,1.027,2.747,0.795,6.297,0.078,3.332,121.322,117.5,2.08393956106662,2.07003786660775,75.514,,76.67,2.246,100.0,0.1,含气层,马五41a,0.0139016944588661,-0.717,0.204,单采,含气层,气层优势类
延919,3819.25,20.322,25.558,155.602,0.113,21.469,0.867,2.741,0.771,6.283,0.076,3.382,129.63,124.108,2.11270552103089,2.09379977701746,81.047,,83.639,2.377,100.0,0.1,含气层,马五41a,0.0189057440134333,-0.695,0.189,单采,含气层,气层优势类
延919,3819.375,20.243,26.594,154.943,0.101,21.471,0.818,2.729,0.725,6.241,0.07,3.44,137.982,130.192,2.1398224356002,2.11458429865154,90.422,,94.589,2.605,100.0,0.1,含气层,马五41a,0.0252381369486652,-0.655,0.171,单采,含气层,气层优势类
延919,3819.5,21.134,27.649,154.375,0.09,21.424,0.812,2.719,0.686,6.209,0.066,3.494,144.684,135.332,2.16042050695932,2.13140050007309,103.436,,109.325,2.755,100.0,0.1,含气层,马五41a,0.029020006886237,-0.62,0.156,单采,含气层,气层优势类
延919,3819.625,21.404,28.746,153.901,0.081,21.421,0.731,2.719,0.686,6.128,0.054,3.531,149.879,139.612,2.17574078679746,2.1449227485866,116.832,,124.649,2.701,100.0,0.1,含气层,马五41a,0.0308180382108567,-0.632,0.135,单采,含气层,气层优势类
延919,3819.75,22.01,29.902,153.488,0.074,21.437,0.626,2.728,0.721,6.012,0.038,3.548,155.57,144.102,2.19192585171144,2.15867000845407,128.448,,138.043,2.417,100.0,0.1,含气层,马五41a,0.0332558432573626,-0.683,0.112,单采,含气层,气层优势类
延919,3819.875,22.645,31.133,153.111,0.067,21.45,0.574,2.744,0.783,5.896,0.021,3.548,164.002,150.784,2.21484914428957,2.17835526009895,139.597,,150.248,2.021,100.0,0.1,含气层,马五41a,0.0364938841906222,-0.762,0.088,单采,含气层,气层优势类
延919,3820.0,22.642,32.441,152.745,0.06,21.447,0.529,2.76,0.845,5.793,0.007,3.537,172.366,157.411,2.23645160331804,2.19703507791109,151.41,,162.044,1.684,100.0,0.1,含气层,马五41a,0.0394165254069434,-0.838,0.067,单采,含气层,气层优势类
延976,3471.0,22.919,-20.383,178.141,0.351,22.168,1.603,2.692,0.383,16.054,0.991,3.041,38.237,40.475,1.5824838110477,1.60718685742541,20.401,20.401,20.156,7.776,47.342,0.14,含气层,马五41a,-0.0247030463777089,0.608,1.342,单采,含气层,气层优势类
延976,3471.125,22.921,-20.612,177.372,0.342,22.177,1.588,2.692,0.383,16.191,1.0,3.022,37.382,39.749,1.5726625331511,1.59932620720771,19.524,19.524,19.297,7.577,50.344,0.125,含气层,马五41a,-0.02666367405661,0.617,1.342,单采,含气层,气层优势类
延976,3471.25,22.723,-20.399,174.778,0.312,22.201,1.575,2.694,0.389,15.752,0.97,3.004,38.493,41.186,1.58538175969614,1.61474961515907,18.434,18.434,18.231,8.893,43.647,0.26,含气层,马五41a,-0.0293678554629382,0.581,1.282,单采,含气层,气层优势类
延976,3471.375,22.432,-19.88,170.543,0.263,22.219,1.595,2.699,0.402,14.771,0.904,3.0,42.308,45.516,1.62642249568124,1.65816408875042,17.825,17.825,17.628,8.585,45.546,0.217,含气层,马五41a,-0.0317415930691709,0.502,1.167,单采,含气层,气层优势类
延976,3471.5,22.324,-19.524,167.861,0.232,22.221,1.624,2.712,0.437,14.272,0.87,3.0,45.561,49.148,1.65859324766597,1.6915058496018,17.677,17.677,17.48,8.228,47.825,0.179,含气层,马五41a,-0.032912601935827,0.433,1.102,单采,含气层,气层优势类
延976,3471.625,22.344,-19.315,163.842,0.186,22.218,1.686,2.722,0.464,13.619,0.826,3.0,52.183,56.476,1.71752904306611,1.75186392955498,17.837,17.837,17.647,6.825,58.634,0.084,含气层,马五41a,-0.0343348864888737,0.362,1.012,单采,含气层,气层优势类
延976,3471.75,22.679,-18.712,160.497,0.147,22.213,1.727,2.736,0.501,13.455,0.815,2.971,60.008,65.128,1.77820915245451,1.81376774173465,18.221,18.221,18.051,6.085,65.214,0.048,含气层,马五41a,-0.0355585892801369,0.314,0.962,单采,含气层,气层优势类
延976,3471.875,23.001,-17.737,159.442,0.135,22.208,1.793,2.746,0.528,13.353,0.808,2.948,64.017,69.618,1.80629531813718,1.84272154262767,18.42,18.42,18.253,4.774,84.663,0.018,含气层,马五41a,-0.0364262244904938,0.28,0.943,单采,含气层,气层优势类
延976,3472.0,23.532,-17.072,159.76,0.139,22.192,1.822,2.749,0.536,13.338,0.807,2.944,66.418,72.579,1.8222857938453,1.86081098015727,18.767,18.767,18.6,4.392,91.036,0.011,含气层,马五41a,-0.038525186311962,0.271,0.946,单采,含气层,气层优势类
延976,3472.125,23.496,-15.91,160.57,0.148,22.166,1.807,2.746,0.528,13.32,0.806,2.944,63.124,69.335,1.80019451115964,1.84095251988882,19.042,19.042,18.873,4.921,80.282,0.019,含气层,马五41a,-0.0407580087291843,0.278,0.954,单采,含气层,气层优势类
延976,3472.25,23.229,-14.511,162.49,0.17,22.152,1.735,2.742,0.517,13.387,0.81,2.944,59.29,65.246,1.77298145034496,1.81455389177773,19.079,19.079,18.922,6.214,62.781,0.054,含气层,马五41a,-0.041572441432763,0.293,0.98,单采,含气层,气层优势类
延976,3472.375,23.069,-13.727,164.297,0.191,22.121,1.654,2.735,0.499,13.738,0.834,2.944,52.634,57.84,1.72126637613387,1.76222828428647,18.915,18.915,18.796,5.147,77.243,0.025,含气层,马五41a,-0.0409619081526054,0.335,1.025,单采,含气层,气层优势类
延976,3472.5,23.683,-12.902,165.21,0.201,22.102,1.622,2.729,0.483,14.051,0.855,2.944,47.4,51.807,1.67577834167409,1.71438844422366,18.763,18.763,18.665,5.642,69.948,0.035,含气层,马五41a,-0.0386101025495702,0.372,1.056,单采,含气层,气层优势类
延976,3472.625,24.16,-12.583,166.891,0.221,22.104,1.611,2.727,0.477,14.677,0.897,2.944,45.356,49.378,1.65663474662279,1.69353349534573,18.401,18.401,18.323,3.911,94.655,0.015,含气层,马五41a,-0.0368987487229424,0.42,1.118,单采,含气层,气层优势类
延976,3472.75,24.396,-12.183,167.902,0.232,22.125,1.651,2.729,0.483,15.156,0.93,2.944,43.721,47.322,1.64069008670665,1.67506309120967,18.031,18.031,17.981,3.309,100.0,0.01,含气层,马五41a,-0.0343730045030191,0.447,1.162,单采,含气层,气层优势类
延976,3472.875,24.022,-11.102,167.604,0.229,22.137,1.699,2.733,0.493,15.308,0.94,2.915,43.131,46.513,1.63478952745843,1.66757435158264,17.902,17.902,17.869,2.594,100.0,0.01,含气层,马五41a,-0.0327848241242104,0.447,1.169,单采,含气层,气层优势类
延976,3473.0,23.781,-10.089,165.891,0.209,22.153,1.783,2.736,0.501,15.404,0.947,2.893,42.861,45.949,1.63206229944999,1.66227606416157,17.865,17.865,17.865,2.126,100.0,0.01,含气层,马五41a,-0.030213764711581,0.446,1.156,单采,含气层,气层优势类
延976,3473.125,23.641,-8.023,164.071,0.188,22.145,1.826,2.739,0.509,15.308,0.94,2.889,42.659,45.478,1.63001067062649,1.65780135733358,18.138,18.138,18.171,1.543,100.0,0.01,含气层,马五41a,-0.0277906867070952,0.431,1.128,单采,含气层,气层优势类
延976,3473.25,23.559,-5.855,163.223,0.179,22.132,1.879,2.74,0.512,14.827,0.908,2.889,42.461,45.149,1.62799021802988,1.6546481356176,18.428,18.428,18.481,3.337,100.0,0.01,含气层,马五41a,-0.0266579175877175,0.396,1.087,单采,含气层,气层优势类
延976,3473.375,23.297,-4.725,162.896,0.175,22.105,1.903,2.738,0.507,14.138,0.861,2.889,42.216,44.744,1.62547708116907,1.65073480632019,19.27,19.27,19.36,4.055,96.091,0.01,含气层,马五41a,-0.0252577251511246,0.354,1.036,单采,含气层,气层优势类
延976,3473.5,23.401,-3.122,163.077,0.177,22.108,1.897,2.732,0.491,13.823,0.84,2.889,42.96,45.326,1.6330642726915,1.65634739444854,20.572,20.572,20.701,5.092,74.647,0.023,含气层,马五41a,-0.0232831217570417,0.349,1.017,单采,含气层,气层优势类
延976,3473.625,23.911,-1.226,163.151,0.178,22.124,1.841,2.73,0.485,13.383,0.81,2.904,44.169,46.419,1.64511756680654,1.66669578025691,21.458,21.458,21.61,6.964,51.536,0.092,含气层,马五41a,-0.0215782134503695,0.325,0.988,单采,含气层,气层优势类
延976,3473.75,25.508,-0.011,161.884,0.163,22.165,1.749,2.736,0.501,12.91,0.778,2.937,48.409,50.314,1.68492611137529,1.70168884542895,23.462,23.462,23.657,6.432,53.754,0.062,含气层,马五41a,-0.016762734053662,0.277,0.941,单采,含气层,气层优势类
延976,3473.875,27.213,2.056,160.524,0.147,22.199,1.696,2.755,0.552,12.516,0.751,2.959,57.213,58.479,1.75749472086978,1.76699993751008,26.154,26.154,26.39,5.533,60.062,0.032,含气层,马五41a,-0.00950521664029669,0.199,0.898,单采,含气层,气层优势类
延976,3474.0,28.091,4.571,157.386,0.111,22.205,1.633,2.769,0.59,11.682,0.695,2.978,64.69,65.514,1.81083715114049,1.8163341163743,27.885,27.885,28.134,4.426,72.265,0.013,含气层,马五41a,-0.00549696523381549,0.105,0.806,单采,含气层,气层优势类
延976,3474.125,29.105,6.231,154.118,0.074,22.192,1.601,2.788,0.641,11.154,0.659,2.996,80.161,80.288,1.90396312633471,1.90465063963452,31.607,31.607,31.627,0.711,95.765,0.002,含气层,马五41a,-0.000687513299806541,0.018,0.733,单采,含气层,气层优势类
延976,3474.25,29.378,9.187,152.56,0.056,22.177,1.618,2.802,0.678,11.129,0.657,3.044,90.379,90.027,1.956067531763,1.95437277824455,33.826,33.826,34.017,0.01,100.0,0.001,含气层,马五41a,0.00169475351844994,-0.021,0.713,单采,含气层,气层优势类
延976,3474.375,29.182,11.1,150.54,0.032,22.153,1.703,2.806,0.689,11.346,0.672,3.056,104.819,103.437,2.02044001210619,2.01467591614206,38.82,38.82,39.268,0.01,100.0,0.001,含气层,马五41a,0.00576409596412475,-0.0169999999999999,0.704,单采,含气层,气层优势类
延976,3474.5,28.51,13.801,148.474,0.008,22.16,1.806,2.809,0.697,11.375,0.674,3.055,118.286,115.477,2.07293334578984,2.06249549273233,45.465,45.465,45.958,0.01,100.0,0.001,含气层,马五41a,0.0104378530575167,-0.0229999999999999,0.682,单采,含气层,气层优势类
延976,3474.625,27.588,16.135,147.741,0.0,22.171,1.908,2.815,0.713,11.171,0.66,3.053,125.457,121.788,2.09849489822584,2.08560449855527,49.545,49.545,50.052,0.01,100.0,0.001,含气层,马五41a,0.0128903996705714,-0.0529999999999999,0.66,单采,含气层,气层优势类
延976,3474.75,26.97,17.34,148.416,0.008,22.191,2.128,2.82,0.727,10.663,0.625,3.043,135.164,130.25,2.13086103566443,2.11477773197156,57.556,57.556,58.116,0.01,100.0,0.001,含气层,马五41a,0.0160833036928727,-0.102,0.633,单采,含气层,气层优势类
延976,3474.875,26.446,19.487,150.235,0.029,22.189,2.294,2.821,0.729,10.471,0.612,2.996,143.758,137.545,2.15763202212119,2.1384448076528,65.711,65.711,66.373,0.01,100.0,0.001,含气层,马五41a,0.0191872144683867,-0.117,0.641,单采,含气层,气层优势类
延976,3475.0,26.466,22.397,151.193,0.04,22.176,2.552,2.813,0.708,10.298,0.601,2.943,148.276,141.326,2.17107086167531,2.15022206714079,69.461,69.461,70.193,0.01,100.0,0.001,含气层,马五41a,0.0208487945345177,-0.107,0.641,单采,含气层,气层优势类
延1121,3595.0,15.891,60.211,162.587,0.112,22.071,1.564,2.738,0.117,8.187,0.587,3.182,207.639,158.936,2.3173089286275,2.20122227877155,118.261,118.261,132.3,3.534,40.628,0.01,含气层,马五41a,0.116086649855949,0.47,0.699,单采,含气层,气层优势类
延1121,3595.125,16.649,60.108,164.26,0.127,22.06,1.627,2.735,0.104,7.914,0.567,3.043,183.344,142.616,2.26326670208212,2.15416825147595,131.49,131.49,147.969,3.486,38.279,0.01,含气层,马五41a,0.109098450606178,0.463,0.694,单采,含气层,气层优势类
延1121,3595.25,17.628,60.007,165.951,0.143,22.038,1.736,2.734,0.099,7.676,0.549,2.879,167.226,131.383,2.22330380168362,2.11853917432707,145.934,145.934,165.133,3.388,37.603,0.01,含气层,马五41a,0.104764627356553,0.45,0.692,单采,含气层,气层优势类
延1121,3595.375,18.355,59.907,166.738,0.15,22.007,1.855,2.735,0.104,7.564,0.54,2.862,162.388,128.337,2.21055393299422,2.10835188302535,161.362,161.362,183.455,3.376,36.792,0.01,含气层,马五41a,0.102202049968869,0.436,0.69,单采,含气层,气层优势类
延1121,3595.5,18.09,59.789,165.546,0.139,21.975,1.979,2.737,0.113,7.488,0.535,2.908,168.203,132.698,2.22583373742995,2.12286437730672,175.997,175.997,200.872,3.204,36.291,0.01,含气层,马五41a,0.102969360123232,0.422,0.674,单采,含气层,气层优势类
延1121,3595.625,17.246,59.694,163.666,0.122,21.964,2.083,2.739,0.122,7.334,0.523,2.948,178.331,139.999,2.25122684490668,2.14612493356372,179.102,179.102,204.673,2.812,39.429,0.01,含气层,马五41a,0.105101911342967,0.401,0.645,单采,含气层,气层优势类
延1121,3595.75,16.747,59.602,162.032,0.106,21.964,2.166,2.739,0.122,7.025,0.5,2.98,188.832,147.539,2.27607559295891,2.16890683554127,174.644,174.644,199.51,2.746,46.035,0.01,含气层,马五41a,0.107168757417632,0.378,0.606,单采,含气层,气层优势类
延1121,3595.875,17.125,59.513,160.925,0.096,21.967,2.208,2.739,0.122,6.737,0.478,2.995,197.327,153.2,2.29518651327425,2.18525876529658,166.753,166.753,190.186,2.548,47.94,0.01,含气层,马五41a,0.109927747977661,0.356,0.574,单采,含气层,气层优势类
延1121,3596.0,18.379,59.426,160.391,0.091,21.976,2.213,2.74,0.126,6.607,0.468,3.005,203.048,156.423,2.30759871609524,2.19430061086377,160.881,160.881,183.053,2.316,52.564,0.01,含气层,马五41a,0.113298105231471,0.342,0.559,单采,含气层,气层优势类
延1121,3596.125,19.658,59.342,160.06,0.088,21.989,2.202,2.745,0.149,6.562,0.465,3.018,207.085,158.161,2.31614864233548,2.19909940221551,158.9,158.9,180.341,2.19,58.044,0.01,含气层,马五41a,0.117049240119972,0.316,0.553,单采,含气层,气层优势类
延1121,3596.25,20.184,59.261,159.511,0.083,22.002,2.166,2.754,0.189,6.554,0.464,3.025,210.127,158.938,2.32248186010526,2.2012277437606,159.841,159.841,180.984,2.127,61.597,0.01,含气层,马五41a,0.121254116344657,0.275,0.547,单采,含气层,气层优势类
延1121,3596.375,19.394,59.183,158.447,0.073,22.015,2.076,2.761,0.221,6.498,0.46,3.014,213.868,160.005,2.33014580811959,2.20413355414643,160.541,160.541,181.431,2.16,63.728,0.01,含气层,马五41a,0.126012253973157,0.239,0.533,单采,含气层,气层优势类
延1121,3596.5,17.898,59.108,156.922,0.059,22.034,1.931,2.766,0.243,6.379,0.451,2.99,220.755,162.909,2.34391054893281,2.21194507781598,159.894,159.894,180.471,1.932,62.714,0.01,含气层,马五41a,0.131965471116831,0.208,0.51,单采,含气层,气层优势类
延1121,3596.625,16.921,59.036,155.243,0.043,22.068,1.827,2.77,0.261,6.234,0.44,2.982,232.973,169.194,2.36730559213991,2.2283849579164,159.554,159.554,180.053,1.294,72.826,0.01,含气层,马五41a,0.138920634223509,0.179,0.483,单采,含气层,气层优势类
延1121,3596.75,17.295,58.968,153.982,0.032,22.108,1.891,2.774,0.279,6.139,0.433,3.022,250.935,178.959,2.3995612402176,2.25275354431334,161.38,161.38,182.348,1.099,100.0,0.01,含气层,马五41a,0.146807695904259,0.154,0.465,单采,含气层,气层优势类
延1121,3596.875,18.546,58.903,153.215,0.024,22.143,2.055,2.777,0.293,6.128,0.432,3.102,274.171,192.171,2.438021516077,2.28368785008471,165.382,165.382,187.405,0.77,100.0,0.01,含气层,马五41a,0.154333665992291,0.139,0.456,单采,含气层,气层优势类
延1121,3597.0,19.898,58.842,152.612,0.019,22.17,2.188,2.78,0.306,6.143,0.433,3.178,301.801,209.005,2.47972067445137,2.32015667580692,173.361,173.361,197.391,0.01,100.0,0.008,含气层,马五41a,0.159563998644458,0.127,0.452,单采,含气层,气层优势类
延1121,3597.125,21.328,58.784,152.033,0.013,22.208,2.283,2.781,0.311,6.065,0.428,3.239,329.319,226.474,2.51761678797615,2.35501835069911,187.917,187.917,215.39,0.01,100.0,0.001,含气层,马五41a,0.162598437277035,0.117,0.441,单采,含气层,气层优势类
延1121,3597.25,23.086,58.73,151.693,0.01,22.272,2.426,2.78,0.306,5.939,0.418,3.29,352.118,241.209,2.54668822643589,2.38239350818377,206.945,206.945,239.082,0.01,100.0,0.001,含气层,马五41a,0.164294718252116,0.112,0.428,单采,含气层,气层优势类
延1121,3597.375,24.575,58.679,151.8,0.011,22.356,2.548,2.781,0.311,5.914,0.416,3.322,367.1,250.723,2.56478438450399,2.39919417566109,221.09,221.09,257.618,0.01,100.0,0.001,含气层,马五41a,0.165590208842894,0.105,0.427,单采,含气层,气层优势类
延1121,3597.5,24.685,58.633,152.254,0.015,22.403,2.568,2.788,0.342,6.017,0.424,3.323,377.924,257.363,2.57740447259074,2.41054611035837,227.084,227.084,266.815,0.01,100.0,0.001,含气层,马五41a,0.166858362232373,0.082,0.439,单采,含气层,气层优势类
延1121,3597.625,23.486,58.59,152.845,0.021,21.745,2.524,2.801,0.401,6.19,0.437,3.311,387.806,263.545,2.58861452404834,2.42085478115425,229.255,229.255,271.451,0.01,100.0,0.001,含气层,马五41a,0.167759742894096,0.036,0.458,单采,含气层,气层优势类
延1121,3597.75,22.345,58.551,153.269,0.025,21.722,2.479,2.815,0.464,6.324,0.447,3.277,395.85,269.311,2.59753064927573,2.43025409251933,233.318,233.318,277.942,0.01,100.0,0.001,含气层,马五41a,0.167276556756398,-0.017,0.472,单采,含气层,气层优势类
延1121,3597.875,22.663,58.516,153.591,0.028,21.771,2.439,2.821,0.491,6.418,0.454,3.243,398.546,272.529,2.60047845469881,2.43541272264882,240.049,240.049,287.099,0.01,100.0,0.001,含气层,马五41a,0.16506573204999,-0.037,0.482,单采,含气层,气层优势类
延1121,3598.0,25.701,58.485,153.944,0.031,21.863,2.415,2.815,0.464,6.394,0.452,3.237,395.202,272.613,2.5968191337566,2.43554656204028,247.548,247.548,296.489,0.01,100.0,0.001,含气层,马五41a,0.161272571716316,-0.012,0.483,单采,含气层,气层优势类
靖81-2,4044.0,22.3,72.035,168.843,0.059,23.986,1.376,2.656,0.527,5.25,0.043,3.567,505.521,441.452,2.70373920145953,2.64488348873259,14.754,15.348,15.865,0.557,100.0,0.003,含气层,马五41a,0.0588557127269471,-0.484,0.102,合采,含气层,气层优势类
靖81-2,4044.125,20.259,71.479,173.938,0.109,24.096,1.342,2.651,0.506,5.885,0.08,3.548,297.636,260.964,2.47368545931935,2.41658060051952,17.36,18.116,18.79,2.006,100.0,0.01,含气层,马五41a,0.057104858799828,-0.426,0.189,合采,含气层,气层优势类
靖81-2,4044.25,18.851,70.943,179.98,0.167,24.178,1.421,2.651,0.506,7.208,0.159,3.53,174.515,153.447,2.24183276159466,2.18595840207914,26.546,27.875,29.131,2.799,87.848,0.012,含气层,马五41a,0.0558743595155193,-0.347,0.326,合采,含气层,气层优势类
靖81-2,4044.375,18.091,70.414,184.655,0.213,24.122,1.606,2.653,0.515,9.051,0.268,3.508,119.31,105.085,2.07667684570564,2.02154072856729,38.757,40.883,42.868,5.318,49.859,0.031,含气层,马五41a,0.055136117138348,-0.247,0.481,合采,含气层,气层优势类
靖81-2,4044.5,18.012,69.878,186.484,0.23,23.806,1.832,2.658,0.535,10.639,0.362,3.478,97.207,85.703,1.9876975401517,1.93299602449778,48.478,51.278,53.741,6.625,34.086,0.069,含气层,马五41a,0.0547015156539161,-0.173,0.592,合采,含气层,气层优势类
靖81-2,4044.625,18.269,69.327,185.621,0.222,23.243,2.014,2.663,0.556,11.405,0.408,3.442,86.283,76.135,1.93592523681061,1.88158435207237,47.286,49.939,52.113,6.848,34.363,0.082,含气层,马五41a,0.0543408847382418,-0.148,0.63,合采,含气层,气层优势类
靖81-2,4044.75,18.36,68.76,183.11,0.198,22.596,2.146,2.668,0.577,11.534,0.415,3.403,81.563,72.024,1.91149319135187,1.85747723713646,37.542,39.473,41.023,7.477,35.679,0.118,含气层,马五41a,0.0540159542154073,-0.162,0.613,合采,含气层,气层优势类
靖81-2,4044.875,17.914,68.187,180.561,0.173,22.103,2.278,2.674,0.602,11.469,0.411,3.366,80.895,71.485,1.90792167934384,1.8542149215122,28.137,29.475,30.557,7.462,40.174,0.117,含气层,马五41a,0.0537067578316388,-0.191,0.584,合采,含气层,气层优势类
靖81-2,4045.0,17.181,67.615,178.587,0.154,21.85,2.389,2.68,0.627,11.222,0.397,3.334,82.757,73.175,1.91780473879577,1.86436273110583,21.286,22.243,23.002,7.19,50.042,0.102,含气层,马五41a,0.053442007689938,-0.23,0.551,合采,含气层,气层优势类
靖81-2,4045.125,16.809,67.047,176.724,0.136,21.782,2.417,2.686,0.651,10.763,0.369,3.309,86.399,76.431,1.9365087158933,1.8832695417993,16.676,17.383,17.912,6.496,62.917,0.063,含气层,马五41a,0.0532391740940026,-0.282,0.505,合采,含气层,气层优势类
靖81-2,4045.25,17.2,66.48,174.343,0.112,21.777,2.353,2.693,0.68,10.311,0.343,3.294,91.479,80.95,1.96132140848329,1.90821685308939,16.627,17.371,17.902,6.201,65.746,0.053,含气层,马五41a,0.0531045553939011,-0.337,0.455,合采,含气层,气层优势类
靖81-2,4045.375,18.104,65.917,171.674,0.087,21.784,2.272,2.699,0.705,10.085,0.329,3.286,97.589,86.357,1.98940086778421,1.93629754674607,20.682,21.742,22.503,5.461,66.089,0.029,含气层,马五41a,0.0531033210381366,-0.376,0.416,合采,含气层,气层优势类
靖81-2,4045.5,18.89,65.365,169.497,0.065,21.788,2.224,2.702,0.718,10.119,0.331,3.283,103.499,91.554,2.01493615369071,1.96167732340537,30.1,31.894,33.257,5.408,53.657,0.028,含气层,马五41a,0.0532588302853496,-0.387,0.396,合采,含气层,气层优势类
靖81-2,4045.625,19.103,64.837,168.348,0.054,21.787,2.17,2.703,0.722,10.194,0.336,3.283,107.819,95.318,2.03269529951547,1.97917492123132,42.19,44.962,47.128,5.4,47.361,0.028,含气层,马五41a,0.0535203782841529,-0.386,0.39,合采,含气层,气层优势类
靖81-2,4045.75,18.901,64.353,168.336,0.054,21.789,2.06,2.701,0.714,10.141,0.333,3.281,110.241,97.38,2.04234314408198,1.98846977020988,55.152,58.996,62.039,5.413,39.472,0.028,含气层,马五41a,0.0538733738721089,-0.381,0.387,合采,含气层,气层优势类
靖81-2,4045.875,18.856,63.924,169.173,0.062,21.816,1.905,2.7,0.71,10.03,0.326,3.279,111.405,98.315,2.04690468297128,1.99261978355185,62.348,66.744,70.159,5.427,36.636,0.029,含气层,马五41a,0.0542848994194249,-0.384,0.388,合采,含气层,气层优势类
靖81-2,4046.0,19.268,63.555,170.116,0.071,21.918,1.725,2.7,0.71,10.088,0.329,3.277,112.03,98.764,2.04933433597228,1.99459867079765,61.157,65.38,68.542,5.418,37.467,0.029,含气层,马五41a,0.0547356651746331,-0.381,0.4,合采,含气层,气层优势类
延1087-1,3770.0,26.634,49.205,158.808,0.075,22.231,1.691,2.849,0.856,5.681,0.276,3.287,373.236,262.739,2.5719835264124,2.41952454262872,540.998,570.34,606.229,2.371,57.35,0.1,含气层,马五41a,0.152458983783678,,,合采,含气层,气层优势类
延1087-1,3770.125,28.901,49.092,159.97,0.092,22.198,1.466,2.837,0.829,5.927,0.29,3.334,331.71,239.277,2.52075856431223,2.37890095497306,473.719,499.411,530.837,2.466,55.03,0.1,含气层,马五41a,0.141857609339177,,,合采,含气层,气层优势类
延1087-1,3770.25,29.485,49.009,161.032,0.107,22.236,1.19,2.827,0.806,6.275,0.31,3.382,295.518,217.77,2.47058393889779,2.33799805112296,397.579,419.142,445.517,2.564,54.144,0.1,含气层,马五41a,0.132585887774833,,,合采,含气层,气层优势类
延1087-1,3770.375,27.462,48.95,161.728,0.118,22.29,1.125,2.821,0.793,6.721,0.336,3.424,263.313,197.454,2.42047230114516,2.29546593604841,326.393,344.096,365.748,2.665,54.045,0.1,含气层,马五41a,0.125006365096746,,,合采,含气层,气层优势类
延1087-1,3770.5,23.816,48.913,161.913,0.12,22.397,1.441,2.817,0.784,7.201,0.363,3.44,234.947,178.534,2.37096990395883,2.25172093532931,266.184,280.621,298.279,2.807,52.546,0.1,含气层,马五41a,0.119248968629515,,,合采,含气层,气层优势类
延1087-1,3770.625,21.213,48.895,161.969,0.121,22.498,1.577,2.812,0.772,7.638,0.388,3.419,210.152,161.115,2.32253352750744,2.20713597563939,217.67,229.475,243.915,2.945,51.789,0.1,含气层,马五41a,0.115397551868049,,,合采,含气层,气层优势类
延1087-1,3770.75,20.687,48.89,162.154,0.124,22.408,1.661,2.803,0.752,8.023,0.41,3.363,188.429,145.587,2.27514774331222,2.1631225969528,179.484,189.218,201.125,3.076,51.577,0.1,含气层,马五41a,0.112025146359414,,,合采,含气层,气层优势类
延1087-1,3770.875,21.201,48.894,162.48,0.128,22.212,2.0,2.79,0.722,8.393,0.432,3.277,170.004,132.452,2.23045913995175,2.12205852044681,150.96,159.148,169.162,3.221,50.697,0.104,含气层,马五41a,0.108400619504938,,,合采,含气层,气层优势类
延1087-1,3771.0,21.728,48.904,162.975,0.135,22.092,2.416,2.778,0.695,8.764,0.453,3.174,155.024,122.034,2.19039893856192,2.08648084670104,129.263,136.274,144.849,3.359,50.017,0.125,含气层,马五41a,0.103918091860874,,,合采,含气层,气层优势类
延1087-1,3771.125,21.913,48.921,163.596,0.144,22.137,2.873,2.771,0.679,9.102,0.472,3.072,143.648,114.473,2.15729958372156,2.05870306454696,115.448,121.71,129.368,3.456,49.819,0.142,含气层,马五41a,0.0985965191745994,,,合采,含气层,气层优势类
延1087-1,3771.25,21.861,48.941,164.061,0.151,22.251,3.226,2.767,0.67,9.37,0.488,2.981,136.477,110.062,2.13505946738613,2.04163740036204,102.924,108.506,115.334,3.512,51.027,0.152,含气层,马五41a,0.0934220670240928,,,合采,含气层,气层优势类
延1087-1,3771.375,21.709,48.966,163.919,0.149,22.432,3.19,2.764,0.663,9.553,0.498,2.912,133.363,108.705,2.12503535638197,2.03624952037396,92.35,97.359,103.485,3.552,52.603,0.16,含气层,马五41a,0.0887858360080127,,,合采,含气层,气层优势类
延1087-1,3771.5,22.056,48.994,162.667,0.131,22.7,2.907,2.761,0.656,9.64,0.503,2.874,133.084,109.549,2.12412584563698,2.03960841752918,82.177,86.634,92.086,3.589,54.585,0.167,含气层,马五41a,0.0845174281077941,,,合采,含气层,气层优势类
延1087-1,3771.625,23.186,49.026,160.606,0.101,22.871,2.624,2.758,0.649,9.62,0.502,2.866,134.941,112.092,2.13014392423392,2.04957461812722,74.631,78.679,83.63,3.594,57.123,0.168,含气层,马五41a,0.0805693061066997,,,合采,含气层,气层优势类
延1087-1,3771.75,23.974,49.058,158.284,0.068,22.908,2.398,2.758,0.649,9.531,0.497,2.882,139.1,116.517,2.14332712999205,2.06638929418239,67.68,71.35,75.84,3.601,59.735,0.17,含气层,马五41a,0.0769378358096611,,,合采,含气层,气层优势类
延1087-1,3771.875,23.641,49.089,156.374,0.04,22.788,2.394,2.759,0.651,9.42,0.49,2.917,145.288,122.683,2.16222974541296,2.08878438735867,63.614,67.064,71.284,3.573,62.632,0.164,含气层,马五41a,0.0734453580542938,,,合采,含气层,气层优势类
延1087-1,3772.0,22.817,49.114,155.533,0.028,22.655,2.432,2.758,0.649,9.31,0.484,2.96,151.886,129.188,2.18151774487692,2.11122217483693,62.799,66.205,70.371,3.602,61.972,0.17,含气层,马五41a,0.0702955700399825,,,合采,含气层,气层优势类
延1096,4135.0,19.242,52.476,177.929,0.246,22.033,2.423,2.765,0.878,5.838,0.002,3.406,216.587,195.928,2.33563238581793,2.29209650529818,103.632,116.086,120.238,2.364,96.229,0.01,含气层,马五41a,0.043535880519757,-0.876,0.248,合采,含气层,气层优势类
延1096,4135.125,19.793,51.808,178.074,0.247,22.027,2.674,2.762,0.874,5.805,0.0,3.323,186.552,168.897,2.27079990941709,2.22762193556854,88.419,99.066,102.615,2.238,100.0,0.01,含气层,马五41a,0.043177973848552,-0.874,0.247,合采,含气层,气层优势类
延1096,4135.25,19.621,51.501,175.985,0.225,22.059,2.829,2.757,0.867,5.924,0.009,3.271,168.126,152.313,2.22563488050301,2.18273697219567,80.434,90.087,93.305,2.767,100.0,0.01,含气层,马五41a,0.04289790830734,-0.858,0.234,合采,含气层,气层优势类
延1096,4135.375,19.337,51.261,173.919,0.203,22.1,2.767,2.75,0.857,6.139,0.025,3.221,147.901,134.111,2.1699711103932,2.12746440084472,68.111,76.217,78.919,2.89,100.0,0.01,含气层,马五41a,0.0425067095484817,-0.832,0.228,合采,含气层,气层优势类
延1096,4135.5,19.177,51.043,172.393,0.186,22.142,2.515,2.737,0.838,6.517,0.052,3.172,118.537,107.684,2.07385393167698,2.03215117936191,61.78,69.119,71.565,3.381,92.924,0.01,含气层,马五41a,0.0417027523150657,-0.786,0.238,合采,含气层,气层优势类
延1096,4135.625,19.474,50.877,171.349,0.175,22.16,2.197,2.726,0.822,6.94,0.083,3.139,89.769,81.792,1.95312638729884,1.91271082780627,56.63,63.345,65.584,3.984,83.366,0.01,含气层,马五41a,0.040415559492573,-0.739,0.258,合采,含气层,气层优势类
延1096,4135.75,20.241,50.838,170.46,0.166,22.135,1.94,2.727,0.824,7.151,0.099,3.15,83.551,76.196,1.92195165221724,1.88193217313062,52.93,59.193,61.281,3.951,87.136,0.01,含气层,马五41a,0.0400194790866184,-0.725,0.265,合采,含气层,气层优势类
延1096,4135.875,21.101,50.832,169.283,0.153,22.105,1.782,2.731,0.83,7.29,0.109,3.184,81.568,74.411,1.91151981378917,1.87163714100528,49.226,55.023,56.955,3.849,91.348,0.01,含气层,马五41a,0.0398826727838915,-0.721,0.262,合采,含气层,气层优势类
延1096,4136.0,21.662,50.874,169.126,0.152,22.081,1.784,2.742,0.845,7.342,0.113,3.273,82.713,75.441,1.91757377296928,1.87760743651087,49.919,55.782,57.736,3.661,94.492,0.01,含气层,马五41a,0.0399663364584169,-0.732,0.265,合采,含气层,气层优势类
延1096,4136.125,21.529,50.955,171.275,0.174,22.076,1.812,2.758,0.868,7.337,0.113,3.398,90.04,82.036,1.95443548632848,1.91400447641258,54.245,60.595,62.711,3.441,95.472,0.01,含气层,马五41a,0.0404310099158995,-0.755,0.287,合采,含气层,气层优势类
延1096,4136.25,20.735,51.029,174.863,0.213,22.102,1.72,2.77,0.885,7.316,0.111,3.482,109.981,99.983,2.04131766417753,1.99992616366181,63.378,70.763,73.224,3.295,92.249,0.01,含气层,马五41a,0.0413915005157242,-0.774,0.324,合采,含气层,气层优势类
延1096,4136.375,19.893,51.114,178.491,0.252,22.176,1.608,2.784,0.905,7.281,0.108,3.557,136.804,124.124,2.13609879586751,2.09385576264155,75.302,84.114,87.051,3.128,93.738,0.01,含气层,马五41a,0.0422430332259558,-0.797,0.36,合采,含气层,气层优势类
延1096,4136.5,19.665,51.248,180.075,0.269,22.443,1.506,2.798,0.926,7.223,0.104,3.619,172.999,156.699,2.23804359274881,2.19506622495699,71.046,79.442,82.24,2.922,99.317,0.01,含气层,马五41a,0.0429773677918215,-0.822,0.373,合采,含气层,气层优势类
延1096,4136.625,20.361,51.409,178.473,0.251,22.848,1.511,2.806,0.937,7.197,0.102,3.651,216.962,196.266,2.3363836756206,2.29284507142221,66.31,74.213,76.847,2.776,100.0,0.01,含气层,马五41a,0.0435386041983858,-0.835,0.353,合采,含气层,气层优势类
延1096,4136.75,21.545,51.514,175.425,0.219,23.105,1.712,2.8,0.928,7.279,0.108,3.633,232.727,210.455,2.36684677121448,2.32315924819577,65.366,73.201,75.813,2.82,100.0,0.01,含气层,马五41a,0.0436875230187059,-0.82,0.327,合采,含气层,气层优势类
延1096,4136.875,22.858,51.619,172.761,0.19,23.322,1.979,2.788,0.911,7.429,0.119,3.597,237.125,214.412,2.37497734389672,2.33124908786748,68.951,77.253,80.021,2.931,100.0,0.01,含气层,马五41a,0.0437282560292371,-0.792,0.309,合采,含气层,气层优势类
延1096,4137.0,23.952,51.769,171.451,0.176,23.589,2.497,2.773,0.89,7.769,0.144,3.531,216.699,196.029,2.33585690718745,2.29232032446019,66.239,74.224,76.885,3.107,98.073,0.01,含气层,马五41a,0.0435365827272594,-0.746,0.32,合采,含气层,气层优势类
延1096,4137.125,24.336,51.988,171.606,0.178,23.892,3.176,2.761,0.872,8.268,0.181,3.455,173.859,157.473,2.24019717732683,2.19720610126081,65.374,73.257,75.884,3.572,89.64,0.01,含气层,马五41a,0.0429910760660195,-0.691,0.359,合采,含气层,气层优势类
延1096,4137.25,23.981,52.123,172.304,0.185,24.069,3.579,2.76,0.871,8.668,0.21,3.415,145.243,131.719,2.16209521070347,2.11964842492379,55.458,62.172,64.41,4.066,80.875,0.01,含气层,马五41a,0.0424467857796818,-0.661,0.395,合采,含气层,气层优势类
延1096,4137.375,23.681,52.178,172.92,0.192,24.201,3.897,2.76,0.871,9.079,0.241,3.383,131.158,119.042,2.11779478558511,2.07570021475479,56.44,63.331,65.628,4.373,73.93,0.013,含气层,马五41a,0.0420945708303235,-0.63,0.433,合采,含气层,气层优势类
延1096,4137.5,23.974,52.568,174.338,0.207,24.287,4.176,2.761,0.872,9.469,0.269,3.346,120.453,109.408,2.08081762099871,2.0390490791165,60.867,68.332,70.82,4.811,63.505,0.017,含气层,马五41a,0.04176854188221,-0.603,0.476,合采,含气层,气层优势类
延1096,4137.625,24.717,53.201,176.893,0.235,24.332,4.351,2.76,0.871,9.706,0.287,3.306,110.028,100.025,2.04150321877721,2.00010856005103,66.344,74.522,77.248,4.791,61.336,0.017,含气层,马五41a,0.0413946587261744,-0.584,0.522,合采,含气层,气层优势类
延1096,4137.75,25.023,53.645,179.191,0.259,24.364,4.302,2.758,0.868,9.686,0.285,3.28,105.125,95.613,2.02170600880597,1.98051694504211,70.782,79.561,82.488,4.808,60.314,0.017,含气层,马五41a,0.0411890637638592,-0.583,0.544,合采,含气层,气层优势类
延1096,4137.875,24.825,54.181,180.835,0.277,24.451,4.156,2.754,0.862,9.554,0.275,3.252,102.134,92.92,2.00917034105203,1.9681092011282,68.194,76.794,79.66,4.876,60.713,0.018,含气层,马五41a,0.0410611399238321,-0.587,0.552,合采,含气层,气层优势类
延1096,4138.0,23.652,55.106,179.333,0.261,24.685,3.636,2.746,0.851,9.08,0.241,3.211,102.538,93.285,2.01088484228875,1.9698118158692,64.388,72.589,75.323,4.743,63.802,0.016,含气层,马五41a,0.0410730264195465,-0.61,0.502,合采,含气层,气层优势类
延1096,4138.125,22.041,56.308,174.392,0.208,24.98,2.825,2.738,0.84,8.386,0.19,3.165,108.113,98.302,2.03387791864166,1.99256235384564,64.278,72.536,75.289,4.475,67.547,0.012,含气层,马五41a,0.0413155647960208,-0.65,0.398,合采,含气层,气层优势类
延1096,4138.25,21.352,57.223,169.598,0.157,25.068,2.298,2.737,0.838,7.955,0.158,3.138,117.28,106.552,2.06922395729705,2.02756160591143,65.157,73.538,76.332,4.216,66.188,0.012,含气层,马五41a,0.0416623513856216,-0.68,0.315,合采,含气层,气层优势类
延1096,4138.375,21.072,58.252,165.367,0.111,25.005,1.889,2.738,0.84,7.583,0.131,3.111,127.705,115.935,2.10620790141298,2.06421456635359,99.421,112.371,116.688,3.748,64.04,0.01,含气层,马五41a,0.0419933350593906,-0.709,0.242,合采,含气层,气层优势类
延1096,4138.5,21.2,59.916,162.707,0.083,24.709,1.498,2.739,0.841,7.233,0.105,3.067,154.64,140.176,2.1893218410205,2.14667366299013,114.369,129.27,134.237,3.736,60.407,0.01,含气层,马五41a,0.0426481780303618,-0.736,0.188,合采,含气层,气层优势类
延1096,4138.625,21.979,61.987,162.593,0.082,24.315,1.228,2.734,0.834,7.009,0.088,3.014,205.511,185.96,2.3128350724965,2.26941953751105,126.271,142.684,148.155,3.464,63.184,0.01,含气层,马五41a,0.0434155349854546,-0.746,0.17,合采,含气层,气层优势类
延1096,4138.75,24.113,63.412,164.886,0.106,24.134,1.226,2.727,0.824,7.053,0.092,2.98,265.191,239.672,2.42355878098212,2.37961729996697,136.947,154.647,160.547,3.03,68.79,0.01,含气层,马五41a,0.0439414810151546,-0.732,0.198,合采,含气层,气层优势类
延1096,4138.875,28.458,64.895,168.039,0.14,23.997,1.232,2.72,0.814,7.197,0.102,2.951,328.667,296.801,2.51675610068226,2.47246535986087,156.191,175.93,182.51,1.82,79.791,0.006,含气层,马五41a,0.0442907408213951,-0.712,0.242,合采,含气层,气层优势类
延1096,4139.0,39.973,67.013,172.516,0.188,23.851,1.306,2.713,0.804,7.495,0.124,2.93,354.031,319.628,2.54904129179835,2.50464481730293,153.734,172.934,179.334,0.01,100.0,0.001,含气层,马五41a,0.0443964744954184,-0.68,0.312,合采,含气层,气层优势类
延966-6,4290.0,17.515,74.654,162.32,0.042,22.026,0.697,2.768,0.634,6.176,0.12,3.293,243.156,211.812,2.38588499047727,2.3259505609941,135.005,146.682,158.358,5.463,26.249,0.149,含气层,马五41a,0.0599344294831701,-0.514,0.162,合采,含气层,气层优势类
延966-6,4290.125,17.325,74.501,162.429,0.044,22.079,0.591,2.771,0.65,6.076,0.11,3.218,241.016,210.092,2.38204587444648,2.32240951541403,132.56,144.021,155.482,5.439,26.48,0.146,含气层,马五41a,0.0596363590324516,-0.54,0.154,合采,含气层,气层优势类
延966-6,4290.25,17.165,74.354,162.551,0.047,22.101,0.643,2.775,0.672,5.977,0.099,3.162,241.892,210.976,2.38362150534697,2.32423305406361,129.293,140.466,151.639,5.416,26.551,0.144,含气层,马五41a,0.0593884512833576,-0.573,0.146,合采,含气层,气层优势类
延966-6,4290.375,16.866,74.212,162.469,0.045,22.083,0.843,2.778,0.689,5.886,0.089,3.13,252.326,220.225,2.40196200309291,2.34286661865825,127.532,138.55,149.567,5.398,26.1,0.142,含气层,马五41a,0.0590953844346522,-0.6,0.134,合采,含气层,气层优势类
延966-6,4290.5,16.417,74.077,162.122,0.038,22.087,1.073,2.78,0.699,5.817,0.082,3.12,275.827,240.967,2.44063677589741,2.38195757079392,127.045,138.019,148.994,5.39,25.01,0.141,含气层,马五41a,0.058679205103497,-0.617,0.12,合采,含气层,气层优势类
延966-6,4290.625,16.38,73.949,161.575,0.027,22.098,1.32,2.778,0.689,5.776,0.077,3.126,304.164,266.063,2.48310781087889,2.42498448367169,125.287,136.106,146.926,5.375,23.87,0.139,含气层,马五41a,0.0581233272072024,-0.612,0.104,合采,含气层,气层优势类
延966-6,4290.75,16.808,73.829,161.024,0.016,22.072,1.574,2.775,0.672,5.764,0.076,3.14,326.941,286.349,2.51446938664714,2.45689567079057,121.077,131.526,141.974,5.352,23.107,0.137,含气层,马五41a,0.0575737158565657,-0.596,0.092,合采,含气层,气层优势类
延966-6,4290.875,17.03,73.718,160.751,0.011,22.097,1.759,2.772,0.656,5.761,0.075,3.16,338.866,296.978,2.53002799624035,2.47272427816405,116.226,126.246,136.266,5.344,22.732,0.136,含气层,马五41a,0.0573037180763039,-0.581,0.086,合采,含气层,气层优势类
延966-6,4291.0,16.958,73.617,160.89,0.013,22.099,1.806,2.77,0.645,5.745,0.074,3.183,345.582,302.696,2.53855111371352,2.48100668197605,112.679,122.386,132.094,5.344,22.511,0.135,含气层,马五41a,0.0575444317374743,-0.571,0.087,合采,含气层,气层优势类
延966-6,4291.125,16.68,73.525,161.407,0.024,22.055,1.925,2.769,0.639,5.714,0.07,3.206,356.269,311.636,2.55177803477129,2.49364762133128,109.82,119.274,128.729,5.346,22.161,0.136,含气层,马五41a,0.0581304134400096,-0.569,0.094,合采,含气层,气层优势类
延966-6,4291.25,16.495,73.444,162.057,0.037,22.028,2.149,2.769,0.639,5.663,0.065,3.227,373.621,326.393,2.57243127849972,2.51374083606843,107.074,116.287,125.499,5.341,21.662,0.135,含气层,马五41a,0.0586904424312973,-0.574,0.102,合采,含气层,气层优势类
延966-6,4291.375,16.918,73.374,162.446,0.045,22.036,2.2,2.772,0.656,5.579,0.056,3.24,393.649,343.639,2.59510915252633,2.5361024465551,106.9,116.097,125.294,5.304,21.25,0.131,含气层,马五41a,0.0590067059712318,-0.6,0.101,合采,含气层,气层优势类
延966-6,4291.5,17.557,73.314,162.321,0.042,22.061,2.047,2.775,0.672,5.461,0.043,3.245,406.741,355.077,2.60931795203648,2.55032254192542,111.819,121.45,131.081,5.249,21.125,0.126,含气层,马五41a,0.0589954101110588,-0.629,0.085,合采,含气层,气层优势类
延966-6,4291.625,18.202,73.265,161.69,0.03,22.058,1.832,2.777,0.683,5.326,0.029,3.245,412.345,360.02,2.61526073277674,2.55632662756832,120.238,130.612,140.986,5.185,21.237,0.119,含气层,马五41a,0.0589341052084209,-0.654,0.059,合采,含气层,气层优势类
延966-6,4291.75,18.861,73.228,160.824,0.012,22.082,1.649,2.775,0.672,5.22,0.017,3.246,415.201,362.469,2.61825839082778,2.55927086965284,128.239,139.318,150.397,5.123,21.423,0.113,含气层,马五41a,0.0589875211749362,-0.655,0.029,合采,含气层,气层优势类
延966-6,4291.875,20.192,73.203,160.217,0.0,22.171,1.525,2.766,0.623,5.183,0.013,3.252,411.458,359.133,2.61432551075324,2.55525531339515,132.773,144.253,155.732,5.052,21.824,0.106,含气层,马五41a,0.0590701973580923,-0.61,0.013,合采,含气层,气层优势类
延966-6,4292.0,21.28,73.189,160.317,0.002,22.239,1.528,2.751,0.541,5.254,0.021,3.265,399.599,348.561,2.60162439272956,2.54227879289355,134.824,146.484,158.145,5.018,22.295,0.103,含气层,马五41a,0.0593455998360031,-0.52,0.023,合采,含气层,气层优势类
延1156,4128.0,17.598,77.438,167.83,0.193,21.982,1.161,2.774,0.434,7.214,0.124,2.807,1189.596,1051.733,3.0753994952072,3.02190550089739,72.73,74.979,77.298,3.501,61.01,0.022,含气层,马五41a,0.0534939943098092,-0.31,0.317,合采,含气层,气层优势类
延1156,4128.125,16.972,76.865,167.127,0.182,21.974,1.164,2.765,0.382,7.314,0.132,2.807,1276.682,1121.787,3.10608273528713,3.04991040281472,73.374,75.643,77.983,3.998,55.739,0.022,含气层,马五41a,0.0561723324724133,-0.25,0.314,合采,含气层,气层优势类
延1156,4128.25,16.481,76.667,166.224,0.166,21.966,1.174,2.76,0.353,7.402,0.139,2.852,1370.817,1198.399,3.13697948163499,3.07860143795998,75.326,77.655,80.057,4.458,50.047,0.025,含气层,马五41a,0.0583780436750123,-0.214,0.305,合采,含气层,气层优势类
延1156,4128.375,16.054,76.667,165.611,0.156,21.969,1.186,2.76,0.353,7.51,0.147,2.895,1462.583,1274.011,3.16512052119468,3.10517317777851,78.307,80.729,83.226,4.51,46.731,0.027,含气层,马五41a,0.0599473434161704,-0.206,0.303,合采,含气层,气层优势类
延1156,4128.5,15.486,77.127,165.623,0.156,21.975,1.201,2.762,0.364,7.658,0.159,2.895,1535.764,1334.86,3.18632448303118,3.12543571932174,82.451,85.0,87.629,4.504,45.654,0.029,含气层,马五41a,0.0608887637094386,-0.205,0.315,合采,含气层,气层优势类
延1156,4128.625,14.777,77.498,165.781,0.159,21.975,1.216,2.762,0.364,7.771,0.168,2.895,1573.736,1366.17,3.1969318796371,3.13550474434419,87.083,89.776,92.553,4.48,44.711,0.028,含气层,马五41a,0.0614271352929086,-0.196,0.327,合采,含气层,气层优势类
延1156,4128.75,14.205,77.685,165.628,0.156,21.971,1.222,2.764,0.376,7.752,0.166,2.895,1575.431,1366.076,3.19739938689722,3.13547486147031,90.544,93.345,96.232,4.456,44.036,0.026,含气层,马五41a,0.0619245254269072,-0.21,0.322,合采,含气层,气层优势类
延1156,4128.875,14.303,78.357,165.134,0.148,21.976,1.204,2.768,0.399,7.558,0.151,2.895,1557.685,1347.331,3.19247963780817,3.12947430234087,95.78,98.743,101.797,4.386,43.743,0.022,含气层,马五41a,0.0630053354673006,-0.248,0.299,合采,含气层,气层优势类
延1156,4129.0,14.83,78.898,164.724,0.141,21.993,1.18,2.775,0.439,7.289,0.13,2.895,1564.137,1345.649,3.1942747894772,3.12893179299171,97.882,100.909,104.03,4.298,46.165,0.018,含气层,马五41a,0.065342996485489,-0.309,0.271,合采,含气层,气层优势类
靖130-1,3975.0,15.985,74.922,180.651,0.31,22.671,1.993,2.697,0.553,10.558,0.541,2.8,75.207,70.873,1.87625826505826,1.85048081650457,30.796,32.413,33.154,8.842,31.0,3.286,含气水层,马五41a,0.0257774485536917,-0.012,0.851,合采,含气水层,气水风险类
靖130-1,3975.125,16.052,74.832,182.704,0.334,22.654,2.049,2.674,0.477,10.783,0.567,2.813,62.371,58.601,1.79498270719047,1.76790502712349,28.165,29.555,30.177,9.533,30.827,5.152,含气水层,马五41a,0.0270776800669776,0.09,0.901,合采,含气水层,气水风险类
靖130-1,3975.25,17.099,74.746,183.864,0.347,22.587,2.114,2.653,0.407,11.044,0.598,2.822,53.653,50.281,1.72959401049619,1.70140390644756,25.363,26.535,27.044,9.844,31.895,6.32,含气水层,马五41a,0.0281901040486314,0.191,0.945,合采,含气水层,气水风险类
靖130-1,3975.375,18.179,74.664,185.2,0.363,22.521,2.12,2.637,0.353,11.546,0.656,2.83,48.049,45.025,1.68168435352379,1.65345372149157,22.662,23.654,24.083,10.211,32.197,7.959,含气水层,马五41a,0.0282306320322199,0.303,1.019,合采,含气水层,气水风险类
靖130-1,3975.5,18.319,74.587,187.281,0.387,22.497,2.061,2.624,0.31,12.385,0.753,2.933,44.971,42.209,1.65293254488734,1.62540506313222,20.417,21.267,21.635,10.907,30.72,11.826,含气水层,马五41a,0.0275274817551154,0.443,1.14,合采,含气水层,气水风险类
靖130-1,3975.625,17.659,74.513,189.622,0.414,22.475,1.992,2.614,0.277,13.368,0.867,3.185,43.988,41.368,1.64333421638219,1.61666452476401,18.804,19.553,19.877,11.626,28.722,16.996,含气水层,马五41a,0.026669691618179,0.59,1.281,合采,含气水层,气水风险类
靖130-1,3975.75,17.122,74.444,191.404,0.434,22.525,1.932,2.607,0.253,14.124,0.954,3.328,44.502,41.942,1.64837952939544,1.62264913591126,17.811,18.496,18.789,11.924,27.697,19.633,含气水层,马五41a,0.0257303934841822,0.701,1.388,合采,含气水层,气水风险类
靖130-1,3975.875,17.583,74.381,191.817,0.439,22.558,1.884,2.604,0.243,14.429,0.99,3.328,45.846,43.309,1.66130145006692,1.63657815603426,17.211,17.853,18.125,11.887,27.388,18.853,含气水层,马五41a,0.0247232940326636,0.747,1.429,合采,含气水层,气水风险类
靖130-1,3976.0,19.098,74.322,190.429,0.423,22.627,1.864,2.605,0.247,14.288,0.973,3.329,47.129,44.633,1.67328822484155,1.64965607885617,16.775,17.385,17.642,11.613,27.791,15.878,含气水层,马五41a,0.023632145985377,0.726,1.396,合采,含气水层,气水风险类
靖130-1,3976.125,20.992,74.267,187.402,0.388,22.833,1.875,2.612,0.27,13.851,0.923,3.329,47.507,45.114,1.67675760620152,1.65431133520927,16.329,16.911,17.154,10.734,30.616,10.191,含气水层,马五41a,0.0224462709922433,0.653,1.311,合采,含气水层,气水风险类
靖130-1,3976.25,22.319,74.218,183.113,0.339,22.959,1.886,2.626,0.317,13.358,0.866,3.33,46.048,43.852,1.66321077225651,1.64198940543652,15.859,16.415,16.644,9.173,38.366,4.538,含气水层,马五41a,0.0212213668199885,0.549,1.205,合采,含气水层,气水风险类
靖130-1,3976.375,22.7,74.166,179.257,0.294,23.071,1.882,2.644,0.377,13.19,0.846,3.33,43.473,41.473,1.63821961117059,1.61776545172094,15.478,16.014,16.233,7.835,47.802,1.911,含气水层,马五41a,0.0204541594496432,0.469,1.14,合采,含气水层,气水风险类
靖130-1,3976.5,22.283,74.117,178.236,0.282,23.141,1.873,2.654,0.41,13.576,0.891,3.328,42.419,40.423,1.62756042609471,1.60662854161614,15.321,15.846,16.06,7.521,51.086,1.589,含气水层,马五41a,0.0209318844785722,0.481,1.173,合采,含气水层,气水风险类
靖130-1,3976.625,21.528,74.088,178.001,0.28,23.152,1.862,2.658,0.423,14.145,0.957,3.327,42.979,40.851,1.6332563064664,1.61120269218217,15.446,15.976,16.189,7.502,50.941,1.566,含气水层,马五41a,0.022053614284226,0.534,1.237,合采,含气水层,气水风险类
靖130-1,3976.75,20.982,74.064,178.019,0.28,23.175,1.853,2.659,0.427,14.519,1.0,3.326,44.956,42.609,1.65278766254302,1.62950134176727,15.85,16.4,16.618,7.551,49.368,1.57,含气水层,马五41a,0.0232863207757503,0.573,1.28,合采,含气水层,气水风险类
靖130-1,3976.875,20.584,74.047,178.123,0.281,23.253,1.857,2.659,0.427,14.484,0.996,3.324,47.817,45.218,1.67958232534906,1.65531134951371,16.444,17.026,17.254,7.618,47.293,1.574,含气水层,马五41a,0.0242709758353523,0.569,1.277,合采,含气水层,气水风险类
靖130-1,3977.0,20.417,74.035,178.158,0.281,23.397,1.875,2.66,0.43,14.092,0.951,3.322,51.125,48.272,1.7086333210154,1.68369529283091,17.127,17.751,17.995,7.643,45.524,1.532,含气水层,马五41a,0.0249380281844849,0.521,1.232,合采,含气水层,气水风险类
靖67,3858.0,27.764,118.407,160.506,0.241,22.731,1.801,2.727,0.948,5.105,0.168,3.007,374.876,312.968,2.57388763727082,2.4954999345628,176.234,,186.625,3.589,100.0,0.018,含气水层,马五41a,0.0783877027080213,-0.78,0.409,单采,含气水层,气水风险类
靖67,3858.125,27.333,118.067,163.402,0.312,22.917,1.607,2.74,0.996,5.018,0.149,2.986,297.035,259.445,2.47280762578622,2.41404530542858,166.757,,176.757,3.327,100.0,0.014,含气水层,马五41a,0.0587623203576415,-0.847,0.461,单采,含气水层,气水风险类
靖67,3858.25,27.915,117.816,166.191,0.381,22.991,1.421,2.741,1.0,5.09,0.164,2.976,243.359,221.401,2.38624741212898,2.3451795781213,148.247,,157.484,3.298,100.0,0.014,含气水层,马五41a,0.0410678340076838,-0.836,0.545,单采,含气水层,气水风险类
靖67,3858.375,28.877,117.639,168.05,0.426,22.896,1.266,2.735,0.978,5.271,0.203,2.968,207.097,194.842,2.31617380776413,2.28968257883704,128.655,,137.083,3.392,100.0,0.015,含气水层,马五41a,0.0264912289270867,-0.775,0.629,单采,含气水层,气水风险类
靖67,3858.5,29.233,117.494,168.606,0.44,22.734,1.115,2.73,0.959,5.507,0.254,2.959,183.821,177.569,2.26439512436863,2.24936714891968,112.974,,120.756,3.578,100.0,0.018,含气水层,马五41a,0.0150279754489535,-0.705,0.694,单采,含气水层,气水风险类
靖67,3858.625,27.967,117.36,167.9,0.423,22.624,0.997,2.723,0.933,5.775,0.312,2.946,177.389,173.232,2.24892668546517,2.23862811943509,105.118,,112.576,3.991,100.0,0.025,含气水层,马五41a,0.0102985660300741,-0.621,0.735,单采,含气水层,气水风险类
靖67,3858.75,26.655,117.247,166.835,0.397,22.612,0.954,2.711,0.888,6.03,0.367,2.931,179.306,175.547,2.25359482231898,2.24439341201511,104.153,,111.571,4.541,100.0,0.037,含气水层,马五41a,0.00920141030387089,-0.521,0.764,单采,含气水层,气水风险类
靖67,3858.875,25.392,117.161,166.139,0.38,22.707,0.974,2.696,0.831,6.25,0.414,2.918,182.009,178.48,2.26009286355484,2.25158955727578,108.829,,116.44,5.149,100.0,0.053,含气水层,马五41a,0.00850330627906226,-0.417,0.794,单采,含气水层,气水风险类
靖67,3859.0,24.963,117.088,166.207,0.381,22.817,1.048,2.683,0.783,6.441,0.456,2.911,182.709,179.494,2.26175994064246,2.25404993586452,116.539,,124.468,5.543,100.0,0.066,含气水层,马五41a,0.00771000477793926,-0.327,0.837,单采,含气水层,气水风险类
靖67,3859.125,25.767,117.019,167.016,0.401,22.787,1.15,2.676,0.757,6.578,0.485,2.92,180.319,177.835,2.25604149022995,2.25001723926057,125.272,,133.561,5.703,100.0,0.072,含气水层,马五41a,0.00602425096937598,-0.272,0.886,单采,含气水层,气水风险类
靖67,3859.25,26.481,116.965,168.019,0.426,22.656,1.246,2.675,0.753,6.671,0.505,2.948,175.865,174.331,2.24517941638003,2.24137462137186,135.136,,143.832,5.721,100.0,0.072,含气水层,马五41a,0.00380479500816699,-0.248,0.931,单采,含气水层,气水风险类
靖67,3859.375,27.099,116.94,168.819,0.445,22.493,1.324,2.681,0.775,6.746,0.521,2.994,171.065,170.005,2.23316116172254,2.23046169455755,146.857,,156.037,5.559,100.0,0.067,含气水层,马五41a,0.00269946716498648,-0.254,0.966,单采,含气水层,气水风险类
靖67,3859.5,27.672,116.937,169.122,0.453,22.418,1.404,2.69,0.809,6.805,0.534,3.048,168.045,166.136,2.22542559502796,2.22046374989448,154.61,,164.109,5.33,100.0,0.059,含气水层,马五41a,0.00496184513348963,-0.275,0.987,单采,含气水层,气水风险类
靖67,3859.625,27.853,116.937,168.619,0.44,22.408,1.462,2.695,0.828,6.837,0.541,3.097,170.022,165.07,2.23050512055724,2.21766815128628,145.467,,154.589,5.214,100.0,0.055,含气水层,马五41a,0.0128369692709613,-0.287,0.981,单采,含气水层,气水风险类
靖67,3859.75,27.901,116.937,167.38,0.41,22.381,1.453,2.696,0.831,6.845,0.543,3.128,183.879,171.757,2.26453213323542,2.23491444587379,127.072,,135.435,5.195,100.0,0.054,含气水层,马五41a,0.0296176873616343,-0.288,0.953,单采,含气水层,气水风险类
靖67,3859.875,27.335,116.937,165.482,0.363,22.364,1.4,2.694,0.824,6.849,0.543,3.133,220.787,193.51,2.34397349843001,2.28670341293427,117.087,,125.039,5.265,100.0,0.056,含气水层,马五41a,0.0572700854957389,-0.281,0.906,单采,含气水层,气水风险类
靖67,3860.0,26.572,116.937,163.134,0.306,22.378,1.284,2.694,0.824,6.866,0.547,3.111,272.988,225.447,2.43614355675385,2.35304446056912,116.597,,124.528,5.328,100.0,0.059,含气水层,马五41a,0.0830990961847324,-0.277,0.853,单采,含气水层,气水风险类
靖67,3860.125,26.514,116.949,160.74,0.247,22.404,1.113,2.697,0.835,6.843,0.542,3.066,314.931,251.367,2.49821541219672,2.40030826197917,156.798,,166.386,5.208,100.0,0.055,含气水层,马五41a,0.0979071502175528,-0.293,0.789,单采,含气水层,气水风险类
靖67,3860.25,26.75,116.992,158.676,0.197,22.444,0.988,2.703,0.858,6.724,0.516,3.016,337.696,265.252,2.52852591645947,2.42365866716599,202.049,,213.503,4.985,100.0,0.048,含气水层,马五41a,0.104867249293482,-0.342,0.713,单采,含气水层,气水风险类
靖67,3860.375,27.349,117.069,156.97,0.155,22.535,0.957,2.711,0.888,6.554,0.48,2.975,352.867,274.418,2.54761104518901,2.43841259480544,242.048,,255.152,4.656,100.0,0.039,含气水层,马五41a,0.109198450383573,-0.408,0.635,单采,含气水层,气水风险类
靖67,3860.5,27.745,117.178,155.565,0.12,22.664,1.023,2.72,0.921,6.412,0.449,2.957,365.48,282.303,2.56286361623973,2.45071549336662,256.308,,270.0,4.348,100.0,0.032,含气水层,马五41a,0.112148122873107,-0.472,0.569,单采,含气水层,气水风险类
靖67,3860.625,27.49,117.313,154.558,0.096,22.66,1.167,2.727,0.948,6.35,0.436,2.97,368.191,283.384,2.56607316847514,2.45237532612361,245.286,,258.523,4.193,100.0,0.029,含气水层,马五41a,0.113697842351531,-0.512,0.532,单采,含气水层,气水风险类
靖67,3860.75,27.517,117.458,154.163,0.086,22.629,1.322,2.729,0.955,6.363,0.439,3.006,360.897,276.301,2.55738327194906,2.4413824567359,233.055,,245.788,4.149,100.0,0.028,含气水层,马五41a,0.116000815213162,-0.516,0.525,单采,含气水层,气水风险类
靖67,3860.875,27.858,117.621,154.717,0.1,22.76,1.453,2.725,0.94,6.416,0.45,3.054,356.176,269.016,2.55166465230094,2.42977811087626,223.341,,235.673,4.227,100.0,0.029,含气水层,马五41a,0.12188654142468,-0.49,0.55,单采,含气水层,气水风险类
靖67,3861.0,28.595,117.823,156.388,0.141,22.98,1.592,2.715,0.903,6.476,0.463,3.101,374.893,274.854,2.57390733135312,2.43910206171393,205.656,,217.259,4.374,100.0,0.032,含气水层,马五41a,0.134805269639193,-0.44,0.604,单采,含气水层,气水风险类
靖67,3861.125,29.229,118.119,158.749,0.198,23.177,1.735,2.706,0.869,6.577,0.485,3.133,425.431,299.336,2.62882913257756,2.47615895092357,182.753,,193.412,4.546,100.0,0.036,含气水层,马五41a,0.152670181653996,-0.384,0.683,单采,含气水层,气水风险类
靖67,3861.25,29.332,118.566,160.648,0.245,23.213,1.809,2.703,0.858,6.717,0.515,3.143,484.398,330.544,2.68520234134394,2.51922927830067,170.878,,181.047,4.661,100.0,0.039,含气水层,马五41a,0.165973063043265,-0.343,0.76,单采,含气水层,气水风险类
靖67,3861.375,29.476,119.216,161.233,0.259,23.138,1.801,2.708,0.876,6.815,0.536,3.13,548.305,366.509,2.73902220623823,2.56408464364931,167.515,,177.546,4.572,100.0,0.037,含气水层,马五41a,0.174937562588924,-0.34,0.795,单采,含气水层,气水风险类
靖67,3861.5,29.796,120.061,160.11,0.232,23.164,1.706,2.717,0.91,6.792,0.531,3.098,636.488,418.538,2.80379022011393,2.62173489468557,159.432,,169.13,4.313,100.0,0.031,含气水层,马五41a,0.182055325428359,-0.379,0.763,单采,含气水层,气水风险类
靖67,3861.625,30.186,121.073,157.494,0.168,23.467,1.579,2.726,0.944,6.634,0.497,3.051,732.538,479.805,2.86483015839442,2.68106476939483,143.545,,152.587,4.014,100.0,0.025,含气水层,马五41a,0.18376538899959,-0.447,0.665,单采,含气水层,气水风险类
靖67,3861.75,30.405,122.17,154.926,0.105,23.671,1.564,2.728,0.951,6.454,0.458,2.998,780.146,522.031,2.89217588610183,2.7176962936712,134.324,,142.987,3.857,100.0,0.022,含气水层,马五41a,0.174479592430627,-0.493,0.563,单采,含气水层,气水风险类
靖67,3861.875,30.289,123.231,153.741,0.076,23.55,1.777,2.722,0.929,6.338,0.433,2.946,763.504,532.846,2.88281131666864,2.72660170993819,141.38,,150.333,3.946,100.0,0.024,含气水层,马五41a,0.156209606730449,-0.496,0.509,单采,含气水层,气水风险类
靖67,3862.0,31.024,124.094,154.733,0.1,23.179,2.194,2.705,0.865,6.292,0.423,2.904,708.729,520.409,2.85048020372567,2.71634479868228,169.071,,179.166,4.197,100.0,0.029,含气水层,马五41a,0.134135405043391,-0.442,0.523,单采,含气水层,气水风险类
郝9-1,3679.0,22.029,46.722,156.545,0.062,22.57,1.421,2.793,0.596,7.555,0.359,3.505,205.712,166.212,2.31325962655994,2.22066237531843,106.84,114.317,122.633,3.433,83.227,0.139,气水同层,马五41a,0.0925972512415125,-0.237,0.421,合采,气水同层,气水风险类
郝9-1,3679.125,21.479,46.365,157.291,0.072,22.605,1.3,2.779,0.551,7.249,0.341,3.381,185.602,151.632,2.26858265175506,2.18079086328074,102.3,109.736,117.052,3.648,74.942,0.182,气水同层,马五41a,0.0877917884743264,-0.21,0.413,合采,气水同层,气水风险类
郝9-1,3679.25,21.32,46.037,157.975,0.082,22.688,1.201,2.76,0.49,7.187,0.338,3.261,169.998,140.08,2.23044381200137,2.14637613307539,95.975,103.15,110.279,3.912,67.135,0.248,气水同层,马五41a,0.0840676789259831,-0.152,0.42,合采,气水同层,气水风险类
郝9-1,3679.375,21.204,45.736,158.566,0.091,22.777,1.164,2.743,0.436,7.283,0.343,3.15,158.436,131.418,2.19985386933023,2.11865485354409,89.573,96.431,103.76,4.168,61.262,0.325,气水同层,马五41a,0.0811990157861384,-0.093,0.434,合采,气水同层,气水风险类
郝9-1,3679.5,20.929,45.461,159.1,0.098,22.82,1.177,2.732,0.401,7.452,0.353,3.05,149.726,124.762,2.1752972223609,2.0960823281082,83.955,90.535,98.083,4.332,58.702,0.383,气水同层,马五41a,0.079214894252694,-0.048,0.451,合采,气水同层,气水风险类
郝9-1,3679.625,20.682,45.206,159.588,0.105,22.809,1.148,2.731,0.397,7.613,0.362,2.963,143.441,119.83,2.1566733042519,2.07856555931712,79.256,85.619,93.163,4.359,59.618,0.394,气水同层,马五41a,0.0781077449347785,-0.035,0.467,合采,气水同层,气水风险类
郝9-1,3679.75,20.574,44.971,159.97,0.111,22.774,0.999,2.736,0.413,7.699,0.367,2.889,139.095,116.335,2.14331151883865,2.06571039417893,75.157,81.338,88.616,4.281,63.208,0.364,气水同层,马五41a,0.0776011246597195,-0.046,0.478,合采,气水同层,气水风险类
郝9-1,3679.875,20.811,44.757,160.128,0.113,22.739,0.827,2.744,0.439,7.688,0.367,2.838,136.286,114.009,2.1344512451595,2.0569391363896,71.328,77.316,84.277,4.163,68.229,0.322,气水同层,马五41a,0.0775121087698967,-0.072,0.48,合采,气水同层,气水风险类
郝9-1,3680.0,21.723,44.565,160.02,0.111,22.722,0.815,2.75,0.458,7.63,0.363,2.822,135.56,113.268,2.13213156016534,2.05410723213739,67.832,73.615,80.519,4.061,73.22,0.288,气水同层,马五41a,0.0780243280279533,-0.095,0.474,合采,气水同层,气水风险类
郝9-1,3680.125,22.891,44.395,159.739,0.107,22.746,0.989,2.752,0.465,7.572,0.36,2.848,137.069,114.263,2.13693924434999,2.05790562237062,65.11,70.741,78.011,4.0,76.817,0.269,气水同层,马五41a,0.0790336219793759,-0.105,0.467,合采,气水同层,气水风险类
郝9-1,3680.25,24.002,44.251,159.464,0.103,22.821,1.216,2.752,0.465,7.534,0.358,2.915,139.623,116.092,2.14495696520918,2.0648022931618,63.617,69.209,77.23,3.971,78.678,0.261,气水同层,马五41a,0.0801546720473776,-0.107,0.461,合采,气水同层,气水风险类
郝9-1,3680.375,24.927,44.135,159.274,0.101,22.905,1.418,2.751,0.462,7.533,0.358,3.01,142.17,117.85,2.15280796341906,2.07132958686034,63.634,69.334,78.454,3.96,79.003,0.258,气水同层,马五41a,0.0814783765587208,-0.104,0.459,合采,气水同层,气水风险类
郝9-1,3680.5,24.811,44.052,159.102,0.098,22.931,1.605,2.75,0.458,7.571,0.36,3.112,145.088,119.746,2.1616314941104,2.07826101513928,65.449,71.446,81.809,3.976,77.234,0.262,气水同层,马五41a,0.0833704789711245,-0.098,0.458,合采,气水同层,气水风险类
郝9-1,3680.625,24.333,44.0,158.88,0.095,22.887,1.823,2.75,0.458,7.615,0.362,3.198,149.044,122.317,2.17331449751497,2.08748682083933,69.14,75.62,87.267,3.994,74.493,0.268,气水同层,马五41a,0.0858276766756476,-0.096,0.457,合采,气水同层,气水风险类
郝9-1,3680.75,24.512,43.981,158.503,0.09,22.826,2.097,2.75,0.458,7.607,0.362,3.248,155.198,126.434,2.19088612030773,2.1018638779559,74.821,81.97,94.943,3.982,72.174,0.264,气水同层,马五41a,0.0890222423518301,-0.096,0.452,合采,气水同层,气水风险类
郝9-1,3680.875,25.011,43.996,157.804,0.08,22.789,2.416,2.751,0.462,7.48,0.355,3.25,165.99,133.882,2.22008192493381,2.12672219145446,82.868,90.908,105.264,3.955,69.799,0.256,气水同层,马五41a,0.0933597334793568,-0.107,0.435,合采,气水同层,气水风险类
郝9-1,3681.0,25.992,44.046,156.776,0.065,22.786,2.685,2.752,0.465,7.202,0.339,3.202,183.364,146.203,2.26331407432187,2.16495628418189,94.195,103.392,119.047,3.934,66.689,0.25,气水同层,马五41a,0.098357790139985,-0.126,0.404,合采,气水同层,气水风险类
延1156,4125.0,14.827,80.832,156.999,0.011,22.084,1.078,2.755,0.324,7.29,0.13,3.064,538.563,495.69,2.73123651348731,2.69521015758051,97.335,100.346,103.449,4.136,46.631,0.038,水层,马五41a,0.0360263559068019,-0.194,0.141,单采,水层,气水风险类
延1156,4125.125,14.92,81.266,157.148,0.013,22.04,1.083,2.744,0.26,7.451,0.143,3.066,530.816,491.651,2.72494400501189,2.691656926838,94.031,96.938,99.937,4.707,42.154,0.042,水层,马五41a,0.0332870781738834,-0.117,0.156,单采,水层,气水风险类
延1156,4125.25,14.629,81.666,157.116,0.013,22.012,1.093,2.741,0.243,7.423,0.14,3.015,520.78,485.562,2.71665429726439,2.68624469158437,91.484,94.313,97.23,4.852,40.035,0.045,水层,马五41a,0.0304096056800263,-0.103,0.153,单采,水层,气水风险类
延1156,4125.375,13.933,81.667,157.153,0.013,21.998,1.108,2.742,0.249,7.305,0.131,2.942,510.59,478.76,2.70807230481342,2.68011785830715,89.627,92.399,95.257,4.871,40.018,0.045,水层,马五41a,0.0279544465062695,-0.118,0.144,单采,水层,气水风险类
延1156,4125.5,13.503,81.576,157.345,0.016,21.993,1.129,2.743,0.254,7.141,0.118,2.895,504.944,475.199,2.70324321606015,2.67687551805281,88.484,91.221,94.042,4.871,41.448,0.047,水层,马五41a,0.0263676980073368,-0.136,0.134,单采,水层,气水风险类
延1156,4125.625,13.53,80.963,157.441,0.018,21.993,1.153,2.741,0.243,6.906,0.1,2.895,505.065,476.187,2.70334727381124,2.67777753490479,87.978,90.699,93.504,4.533,43.713,0.043,水层,马五41a,0.0255697389064498,-0.143,0.118,单采,水层,气水风险类
延1156,4125.75,13.769,80.833,157.376,0.017,21.999,1.177,2.734,0.202,6.511,0.069,2.903,508.415,479.786,2.70621835525949,2.68104757124446,87.834,90.55,93.35,4.264,48.674,0.038,水层,马五41a,0.0251707840150304,-0.133,0.086,单采,水层,气水风险类
延1156,4125.875,14.143,80.629,157.55,0.02,22.005,1.193,2.727,0.162,6.064,0.034,2.959,510.057,481.781,2.70761871218071,2.68284966872612,87.511,90.217,93.008,3.645,54.065,0.033,水层,马五41a,0.0247690434545924,-0.128,0.054,单采,水层,气水风险类
延1156,4126.0,14.757,80.012,158.218,0.031,22.008,1.199,2.723,0.139,5.753,0.01,2.982,508.296,480.524,2.70611669206595,2.68171508359097,86.64,89.321,92.083,3.364,60.971,0.028,水层,马五41a,0.0244016084749763,-0.129,0.041,单采,水层,气水风险类
延1156,4126.125,15.526,80.0,159.553,0.054,22.001,1.202,2.726,0.156,5.643,0.001,2.982,504.878,477.212,2.70318644677636,2.67871135592927,85.029,87.659,90.37,2.97,66.087,0.023,水层,马五41a,0.0244750908470897,-0.155,0.055,单采,水层,气水风险类
延1156,4126.25,16.399,80.0,161.485,0.086,21.981,1.204,2.735,0.208,5.626,0.0,2.959,503.616,475.217,2.7020995192939,2.67689196832443,83.045,85.614,88.262,2.876,70.975,0.02,水层,马五41a,0.0252075509694736,-0.208,0.086,单采,水层,气水风险类
延1156,4126.375,17.45,80.0,163.756,0.125,21.958,1.2,2.744,0.26,5.681,0.004,2.898,505.95,476.069,2.70410760024488,2.67766990261027,81.355,83.871,86.466,2.736,74.198,0.018,水层,马五41a,0.026437697634615,-0.256,0.129,单采,水层,气水风险类
延1156,4126.5,18.207,79.79,165.844,0.16,21.944,1.197,2.746,0.272,5.788,0.013,2.895,508.976,477.719,2.70669730431455,2.67917251453238,80.155,82.634,85.19,2.673,76.411,0.019,水层,马五41a,0.0275247897821673,-0.259,0.173,单采,水层,气水风险类
延1156,4126.625,17.897,79.174,167.697,0.191,21.943,1.195,2.742,0.249,5.905,0.022,2.869,508.299,476.502,2.70611925529604,2.67806472782249,79.194,81.643,84.168,2.692,73.934,0.019,水层,马五41a,0.0280545274735462,-0.227,0.213,单采,水层,气水风险类
延1156,4126.75,16.37,79.167,169.504,0.222,21.947,1.194,2.729,0.173,5.991,0.029,2.797,502.953,471.424,2.70152740295982,2.67341168850278,78.877,81.317,83.832,3.219,67.314,0.019,水层,马五41a,0.0281157144570359,-0.144,0.251,单采,水层,气水风险类
延1156,4126.875,14.777,79.167,171.053,0.248,21.95,1.197,2.717,0.104,6.14,0.04,2.741,499.426,467.796,2.69847114787236,2.67005650395164,78.398,80.822,83.322,3.797,57.723,0.021,水层,马五41a,0.0284146439207245,-0.064,0.288,单采,水层,气水风险类
延1156,4127.0,14.097,79.167,171.936,0.263,21.946,1.199,2.709,0.058,6.492,0.068,2.788,507.475,473.936,2.70541465224145,2.6757196987976,77.586,79.985,82.459,4.342,50.158,0.023,水层,马五41a,0.0296949534438542,0.01,0.331,单采,水层,气水风险类
延1103-1,3754.0,21.954,38.571,170.178,0.09,22.076,1.906,2.673,0.336,9.572,0.462,3.374,97.935,94.996,1.99093792766014,1.97770531882042,71.341,72.516,73.691,4.493,56.408,0.253,水层,马五41a,0.0132326088397263,0.126,0.552,单采,水层,气水风险类
延1103-1,3754.125,20.819,38.85,168.435,0.068,22.141,1.666,2.684,0.371,9.564,0.462,3.351,86.403,83.811,1.93652882188661,1.92330102251794,75.07,76.107,77.143,4.288,59.932,0.206,水层,马五41a,0.0132277993686676,0.091,0.53,单采,水层,气水风险类
延1103-1,3754.25,20.806,39.138,168.201,0.065,22.258,1.503,2.698,0.414,9.889,0.478,3.236,76.471,74.177,1.88349676943102,1.87026926482715,77.574,78.492,79.41,4.09,64.472,0.167,水层,马五41a,0.0132275046038615,0.064,0.543,单采,水层,气水风险类
延1103-1,3754.375,20.463,39.421,168.58,0.07,22.319,1.389,2.71,0.452,10.332,0.501,3.045,69.728,67.637,1.84340720856616,1.83018433647243,78.253,79.09,79.926,3.974,67.869,0.147,水层,马五41a,0.0132228720937335,0.049,0.571,单采,水层,气水风险类
延1103-1,3754.5,20.593,39.688,169.075,0.076,22.357,1.359,2.72,0.483,10.764,0.523,2.848,65.739,63.767,1.81782309345134,1.804595985529,76.899,77.688,78.477,3.89,71.365,0.134,水层,马五41a,0.0132271079223427,0.04,0.599,单采,水层,气水风险类
延1103-1,3754.625,20.854,39.93,169.587,0.083,22.385,1.19,2.729,0.511,11.105,0.541,2.753,64.759,62.816,1.81130013381458,1.79807027791991,73.962,74.739,75.517,3.795,76.335,0.12,水层,马五41a,0.0132298558946691,0.03,0.624,单采,水层,气水风险类
延1103-1,3754.75,20.971,40.15,170.377,0.093,22.405,0.878,2.737,0.536,11.487,0.561,2.818,65.326,63.366,1.81508606656098,1.80185629300568,71.308,72.092,72.876,3.725,80.606,0.111,水层,马五41a,0.0132297735553024,0.025,0.654,单采,水层,气水风险类
延1103-1,3754.875,20.781,40.354,171.491,0.107,22.436,0.606,2.747,0.567,12.047,0.589,2.966,66.155,64.17,1.82056267377443,1.80733203929119,70.293,71.087,71.881,3.698,82.354,0.107,水层,马五41a,0.0132306344832351,0.022,0.696,单采,水层,气水风险类
延1103-1,3755.0,20.794,40.545,172.564,0.12,22.549,0.43,2.755,0.592,12.864,0.631,3.001,66.669,64.669,1.82392394098519,1.81069614534731,71.719,72.519,73.319,3.747,79.439,0.114,水层,马五41a,0.0132277956378795,0.039,0.751,单采,水层,气水风险类
延1103-1,3755.125,20.642,40.721,173.197,0.128,22.775,0.439,2.757,0.598,13.696,0.674,2.884,67.667,65.637,1.83037692256997,1.81714872300232,76.468,77.28,78.092,3.716,78.253,0.11,水层,马五41a,0.0132281995676422,0.0760000000000001,0.802,单采,水层,气水风险类
延1103-1,3755.25,20.194,40.884,173.572,0.133,22.955,0.431,2.75,0.576,14.282,0.704,2.73,68.788,66.725,1.83751268259118,1.82428858245955,83.763,84.589,85.414,3.874,68.928,0.132,水层,马五41a,0.013224100131636,0.128,0.837,单采,水层,气水风险类
延1103-1,3755.375,20.763,41.029,173.897,0.137,22.99,0.48,2.737,0.536,14.516,0.716,2.642,69.803,67.709,1.84387408817399,1.83064639971252,89.914,90.751,91.589,4.144,58.58,0.177,水层,马五41a,0.0132276884614673,0.18,0.853,单采,水层,气水风险类
延1103-1,3755.5,21.552,41.155,174.243,0.142,22.848,0.626,2.721,0.486,14.445,0.713,2.651,70.929,68.801,1.85082383694506,1.83759475060943,89.431,90.282,91.133,4.483,50.912,0.25,水层,马五41a,0.0132290863356259,0.227,0.855,单采,水层,气水风险类
延1103-1,3755.625,21.454,41.257,174.648,0.147,22.577,0.865,2.704,0.433,14.25,0.703,2.701,72.534,70.358,1.86054162796536,1.84731348568439,80.338,81.208,82.079,4.858,46.696,0.356,水层,马五41a,0.0132281422809726,0.27,0.85,单采,水层,气水风险类
延1103-1,3755.75,21.585,41.34,175.122,0.153,22.286,1.175,2.691,0.393,14.134,0.697,2.763,75.243,72.986,1.87646610290003,1.86323956278009,73.695,74.598,75.5,5.173,43.875,0.47,水层,马五41a,0.0132265401199392,0.304,0.85,单采,水层,气水风险类
延1103-1,3755.875,21.193,41.407,175.631,0.159,22.084,1.42,2.684,0.371,14.153,0.698,2.846,79.138,76.764,1.8983850704443,1.88515759676519,73.682,74.632,75.581,5.354,41.479,0.547,水层,马五41a,0.0132274736791083,0.327,0.857,单采,水层,气水风险类
延1103-1,3756.0,20.968,41.46,176.14,0.166,22.071,1.498,2.688,0.383,14.194,0.7,2.967,83.276,80.777,1.92051985651631,1.90728771974707,78.841,79.84,80.839,5.264,41.216,0.507,水层,马五41a,0.0132321367692405,0.317,0.866,单采,水层,气水风险类
延960-2,3621.0,20.165,56.402,168.166,0.209,23.353,1.752,2.758,0.338,11.729,0.599,3.101,120.545,104.847,2.08114920129627,2.02055600845815,104.847,104.847,120.545,5.591,35.612,0.033,水层,马五41a,0.0605931928381183,0.261,0.808,合采,水层,气水风险类
延960-2,3621.125,20.394,56.207,170.673,0.239,23.267,1.701,2.741,0.276,11.797,0.603,3.123,119.322,103.806,2.07672052412084,2.0162224565142,103.806,103.806,119.322,5.907,33.673,0.042,水层,马五41a,0.0604980676066331,0.327,0.842,合采,水层,气水风险类
延960-2,3621.25,20.744,56.025,170.101,0.232,23.074,1.653,2.725,0.217,11.606,0.591,3.171,117.095,101.869,2.06853835093257,2.00804204291487,101.869,101.869,117.095,5.967,33.558,0.043,水层,马五41a,0.0604963080176981,0.374,0.823,合采,水层,气水风险类
延960-2,3621.375,20.898,55.858,166.829,0.193,22.884,1.633,2.715,0.18,11.126,0.561,3.287,116.32,101.237,2.06565439351496,2.00533926703985,101.237,101.237,116.32,4.891,41.842,0.018,水层,马五41a,0.0603151264751109,0.381,0.754,合采,水层,气水风险类
延960-2,3621.5,20.716,55.706,163.126,0.148,22.812,1.656,2.711,0.165,10.469,0.52,3.446,121.035,105.456,2.08291097452223,2.0230712942961,105.456,105.456,121.035,4.506,44.816,0.013,水层,马五41a,0.059839680226129,0.355,0.668,合采,水层,气水风险类
延960-2,3621.625,20.417,55.573,161.281,0.126,22.94,1.709,2.711,0.165,9.907,0.485,3.628,133.299,116.136,2.12482689137852,2.06496686382023,116.136,116.136,133.299,3.868,50.85,0.01,水层,马五41a,0.0598600275582886,0.32,0.611,合采,水层,气水风险类
延960-2,3621.75,20.196,55.455,160.967,0.122,23.177,1.78,2.711,0.165,9.668,0.47,3.813,145.423,126.497,2.16263309966699,2.10208022591583,126.497,126.497,145.423,3.799,49.76,0.01,水层,马五41a,0.0605528737511629,0.305,0.592,合采,水层,气水风险类
延960-2,3621.875,19.948,55.354,161.414,0.128,23.392,1.857,2.708,0.154,9.81,0.479,3.935,149.67,130.162,2.17513475865884,2.11448421311788,130.162,130.162,149.67,3.889,47.185,0.01,水层,马五41a,0.0606505455409621,0.325,0.607,合采,水层,气水风险类
延960-2,3622.0,19.395,55.268,162.22,0.137,23.471,1.921,2.701,0.129,10.206,0.504,3.941,145.893,127.111,2.16403445478376,2.10418313538947,127.111,127.111,145.893,4.396,41.921,0.011,水层,马五41a,0.0598513193942902,0.375,0.641,合采,水层,气水风险类
延960-2,3622.125,18.565,55.201,163.08,0.148,23.363,1.939,2.695,0.107,10.564,0.526,3.744,143.882,125.372,2.15800646600307,2.09820055401225,125.372,125.372,143.882,4.498,41.276,0.013,水层,马五41a,0.0598059119908161,0.419,0.674,合采,水层,气水风险类
延960-2,3622.25,18.144,55.15,163.495,0.153,23.188,1.917,2.696,0.11,10.611,0.529,3.425,150.148,130.693,2.17651955168819,2.11625232711547,130.693,130.693,150.148,4.567,40.219,0.013,水层,马五41a,0.0602672245727223,0.419,0.682,合采,水层,气水风险类
延960-2,3622.375,18.441,55.113,163.48,0.153,23.068,1.863,2.704,0.14,10.228,0.505,3.14,162.24,141.123,2.21015793765324,2.14959780014033,141.123,141.123,162.24,4.566,37.854,0.013,水层,马五41a,0.0605601375129092,0.365,0.658,合采,水层,气水风险类
延960-2,3622.5,19.112,55.092,163.396,0.152,23.077,1.793,2.72,0.199,9.487,0.458,2.982,174.784,152.093,2.24250167412362,2.18210922633879,152.093,152.093,174.784,4.141,40.832,0.01,水层,马五41a,0.060392447784829,0.259,0.61,合采,水层,气水风险类
延960-2,3622.625,19.411,55.086,162.613,0.142,23.192,1.735,2.735,0.254,8.648,0.406,2.982,185.799,161.686,2.2690433722214,2.2086724170247,161.686,161.686,185.799,3.66,45.523,0.01,水层,马五41a,0.0603709551966953,0.152,0.548,合采,水层,气水风险类
延960-2,3622.75,19.344,55.094,161.435,0.128,23.276,1.695,2.745,0.29,8.03,0.367,3.109,199.911,173.911,2.30083669160619,2.24032705232023,173.911,173.911,199.911,3.515,46.355,0.01,水层,马五41a,0.0605096392859639,0.077,0.495,合采,水层,气水风险类
延960-2,3622.875,19.378,55.115,160.979,0.123,23.236,1.668,2.748,0.301,7.764,0.35,3.316,223.679,194.734,2.3496252124729,2.28944178471601,194.734,194.734,223.679,2.991,50.575,0.01,水层,马五41a,0.0601834277568836,0.049,0.473,合采,水层,气水风险类
延960-2,3623.0,19.775,55.148,160.889,0.121,23.075,1.658,2.749,0.305,7.792,0.352,3.468,261.807,228.154,2.41798125421142,2.35822808723403,228.154,228.154,261.807,2.98,47.515,0.01,水层,马五41a,0.0597531669773863,0.047,0.473,合采,水层,气水风险类
延1059-2,3764.0,20.207,82.177,164.85,0.16,21.497,1.566,2.701,0.182,5.429,0.509,2.355,167.624,178.894,2.22433619998253,2.25259577482903,119.703,123.278,121.977,3.099,65.111,0.1,干层,马五41a,-0.0282595748464991,0.327,0.669,单采,干层,非气层类
延1059-2,3764.125,19.365,82.182,161.083,0.106,21.231,1.683,2.716,0.241,4.966,0.474,2.348,173.052,184.709,2.23817662289593,2.26648805708134,118.932,122.566,120.573,2.848,79.916,0.1,干层,马五41a,-0.0283114341854036,0.233,0.58,单采,干层,非气层类
延1059-2,3764.25,18.684,82.193,158.209,0.065,21.176,1.794,2.719,0.253,4.729,0.456,2.386,177.169,189.738,2.2483877338788,2.27815431843534,117.498,121.164,119.576,2.81,82.892,0.1,干层,马五41a,-0.0297665845565414,0.203,0.521,单采,干层,非气层类
延1059-2,3764.375,18.522,82.21,157.357,0.053,21.278,1.841,2.711,0.221,4.74,0.457,2.433,175.182,188.652,2.24348948024373,2.27566141374777,116.998,120.714,120.591,2.956,73.287,0.1,干层,马五41a,-0.0321719335040411,0.236,0.51,单采,干层,非气层类
延1059-2,3764.5,19.099,82.231,159.012,0.076,21.434,1.824,2.693,0.15,5.108,0.485,2.493,166.884,180.081,2.22241470070079,2.25546789366103,119.07,122.905,124.883,3.278,56.804,0.112,干层,马五41a,-0.0330531929602387,0.335,0.561,单采,干层,非气层类
延1059-2,3764.625,20.365,82.256,162.747,0.13,21.672,1.712,2.68,0.099,5.743,0.532,2.544,160.304,171.758,2.20494435926153,2.23491697440665,124.771,128.828,131.382,3.502,48.139,0.15,干层,马五41a,-0.0299726151451156,0.433,0.662,单采,干层,非气层类
延1059-2,3764.75,21.62,82.283,166.61,0.185,21.85,1.541,2.679,0.095,6.29,0.573,2.613,159.913,169.637,2.20388377080547,2.22952058343536,130.565,134.828,135.084,3.47,48.454,0.145,干层,马五41a,-0.0256368126298878,0.478,0.758,单采,干层,非气层类
延1059-2,3764.875,22.435,82.312,169.08,0.221,21.801,1.391,2.686,0.123,6.417,0.582,2.668,163.528,172.415,2.21359212521874,2.2365750464878,132.15,136.451,133.414,3.217,57.516,0.108,干层,马五41a,-0.0229829212690578,0.459,0.803,单采,干层,非气层类
延1059-2,3765.0,22.613,82.342,169.232,0.223,21.556,1.305,2.689,0.134,6.181,0.565,2.714,165.891,174.955,2.21982282510596,2.24292635860161,128.866,133.026,127.842,2.963,70.533,0.1,干层,马五41a,-0.0231035334956444,0.431,0.788,单采,干层,非气层类
延1059-2,3765.125,22.5,82.373,166.933,0.19,21.295,1.256,2.687,0.126,5.781,0.535,2.773,162.593,172.467,2.21110184429118,2.23670600903864,122.283,126.174,120.64,2.778,85.048,0.1,干层,马五41a,-0.0256041647474614,0.409,0.725,单采,干层,非气层类
延1059-2,3765.25,22.589,82.405,164.006,0.148,21.241,1.244,2.683,0.111,5.406,0.507,2.795,158.36,168.599,2.19964549308017,2.22685499439448,115.642,119.239,115.923,2.678,94.833,0.1,干层,马五41a,-0.0272095013143105,0.396,0.655,单采,干层,非气层类
延1059-2,3765.375,22.995,82.437,161.955,0.119,21.369,1.275,2.681,0.103,5.175,0.49,2.753,159.946,170.645,2.20397338352829,2.23209356771444,114.427,117.79,120.41,2.654,95.256,0.1,干层,马五41a,-0.0281201841861534,0.387,0.609,单采,干层,非气层类
延1059-2,3765.5,23.673,82.471,161.3,0.109,21.645,1.337,2.694,0.154,5.16,0.489,2.737,162.893,175.149,2.2119024217751,2.24340766208921,121.387,124.732,131.589,2.55,100.0,0.1,干层,马五41a,-0.0315052403141158,0.335,0.598,单采,干层,非气层类
延1059-2,3765.625,24.228,82.506,161.233,0.108,22.054,1.429,2.727,0.285,5.259,0.496,2.689,162.165,174.678,2.20995712640358,2.24223821076283,133.464,136.86,144.78,2.261,100.0,0.1,干层,马五41a,-0.0322810843592527,0.211,0.604,单采,干层,非气层类
延1059-2,3765.75,24.197,82.543,160.559,0.099,22.34,1.547,2.762,0.423,5.202,0.492,2.616,167.527,178.73,2.2240848114089,2.25219745536488,145.361,148.694,154.439,1.95,100.0,0.1,干层,马五41a,-0.0281126439559749,0.069,0.591,单采,干层,非气层类
延1059-2,3765.875,23.647,82.581,159.183,0.079,22.228,1.697,2.782,0.502,5.083,0.483,2.567,180.09,190.621,2.25548959807554,2.28017074353071,152.159,155.209,157.02,1.828,100.0,0.1,干层,马五41a,-0.0246811454551725,-0.019,0.562,单采,干层,非气层类
延1059-2,3766.0,23.164,82.622,157.653,0.057,21.796,1.864,2.783,0.506,4.976,0.475,2.598,188.282,199.786,2.27480880289327,2.30056505177898,152.112,154.677,152.991,1.909,100.0,0.1,干层,马五41a,-0.0257562488857084,-0.031,0.532,单采,干层,非气层类
靖173,4448.0,28.002,69.767,166.658,0.062,22.5,2.568,2.657,0.312,7.781,0.169,3.392,140.674,130.254,2.14821383659642,2.11479106902533,40.204,43.02,45.06,4.336,61.625,0.011,干层,马五41a,0.0334227675710865,-0.143,0.231,单采,干层,非气层类
靖173,4448.125,26.83,69.744,167.417,0.071,22.523,2.508,2.643,0.256,8.393,0.227,3.385,125.058,115.795,2.09711147891118,2.06368980706594,36.499,38.859,40.517,4.546,61.088,0.014,干层,马五41a,0.0334216718452467,-0.029,0.298,单采,干层,非气层类
靖173,4448.25,24.563,69.722,168.14,0.08,22.544,2.371,2.639,0.24,8.822,0.268,3.381,111.489,103.23,2.04723202007508,2.01380592734059,33.785,35.803,37.177,5.386,53.471,0.028,干层,马五41a,0.033426092734484,0.028,0.348,单采,干层,非气层类
靖173,4448.375,21.871,69.7,168.411,0.083,22.552,2.132,2.644,0.26,9.119,0.297,3.379,99.19,91.842,1.99646789026172,1.96304133258337,32.773,34.604,35.807,5.344,54.204,0.027,干层,马五41a,0.0334265576783512,0.037,0.38,单采,干层,非气层类
靖173,4448.5,20.258,69.677,168.574,0.085,22.557,2.07,2.656,0.308,9.284,0.312,3.379,88.535,81.977,1.9471149916238,1.91369202099091,33.146,34.9,36.011,5.258,54.714,0.025,干层,马五41a,0.0334229706328883,0.004,0.397,单采,干层,非气层类
靖173,4448.625,20.476,69.655,169.351,0.094,22.58,2.089,2.674,0.38,9.291,0.313,3.379,80.141,74.204,1.9038547572603,1.87042731674945,33.901,35.625,36.678,5.077,56.256,0.022,干层,马五41a,0.0334274405108528,-0.067,0.407,单采,干层,非气层类
靖173,4448.75,22.258,69.633,171.022,0.114,22.631,2.148,2.693,0.456,9.215,0.306,3.38,73.981,68.501,1.86912019737065,1.83569691151158,33.276,34.91,35.884,4.958,58.795,0.02,干层,马五41a,0.0334232858590753,-0.15,0.42,单采,干层,非气层类
靖173,4448.875,24.287,69.611,173.117,0.139,22.694,2.226,2.711,0.528,9.205,0.305,3.382,68.799,63.703,1.83758212576984,1.80415988528302,30.091,31.502,32.323,4.786,66.132,0.017,干层,马五41a,0.033422240486821,-0.223,0.444,单采,干层,非气层类
靖173,4449.0,25.793,69.589,175.18,0.164,22.756,2.314,2.726,0.588,9.357,0.319,3.383,63.929,59.194,1.8056979110993,1.77227768815959,25.142,26.244,26.867,4.681,76.043,0.015,干层,马五41a,0.0334202229397156,-0.269,0.483,单采,干层,非气层类
靖173,4449.125,26.762,69.567,176.712,0.182,22.801,2.447,2.736,0.628,9.598,0.342,3.385,59.694,55.272,1.77593068124925,1.74250517967584,21.047,21.915,22.393,4.785,77.818,0.017,干层,马五41a,0.0334255015734106,-0.286,0.524,单采,干层,非气层类
靖173,4449.25,27.705,69.546,177.173,0.188,22.815,2.626,2.739,0.64,9.808,0.362,3.386,56.885,52.672,1.75499776242238,1.72157980919616,20.809,21.698,22.186,5.536,64.544,0.031,干层,马五41a,0.0334179532262238,-0.278,0.55,单采,干层,非气层类
靖173,4449.375,28.52,69.525,176.181,0.176,22.786,2.784,2.737,0.632,9.971,0.378,3.387,56.278,52.109,1.75033865513802,1.71691273889984,24.276,25.412,26.044,5.554,57.944,0.032,干层,马五41a,0.0334259162381747,-0.254,0.554,单采,干层,非气层类
靖173,4449.5,28.976,69.504,174.169,0.152,22.725,2.844,2.732,0.612,10.157,0.395,3.386,58.921,54.557,1.77027010902593,1.73685048116333,28.653,30.097,30.909,5.575,54.745,0.032,干层,马五41a,0.0334196278626029,-0.217,0.547,单采,干层,非气层类
靖173,4449.625,29.269,69.484,172.246,0.129,22.667,2.849,2.725,0.584,10.362,0.415,3.382,65.718,60.849,1.81768433805303,1.78425344537544,32.356,34.07,35.044,5.61,51.184,0.033,干层,马五41a,0.0334308926775908,-0.169,0.544,单采,干层,非气层类
靖173,4449.75,29.462,69.464,170.795,0.111,22.624,2.83,2.721,0.568,10.432,0.422,3.374,77.005,71.301,1.88651892519729,1.85309562089585,34.036,35.894,36.959,5.653,50.409,0.034,干层,马五41a,0.0334233043014356,-0.146,0.533,单采,干层,非气层类
靖173,4449.875,28.9,69.444,169.487,0.096,22.585,2.751,2.718,0.556,10.205,0.4,3.361,90.959,84.221,1.95884567708789,1.92542039372048,33.309,35.149,36.216,5.551,52.356,0.032,干层,马五41a,0.0334252833674087,-0.156,0.496,单采,干层,非气层类
靖173,4450.0,27.371,69.425,168.117,0.079,22.543,2.56,2.717,0.552,9.632,0.345,3.344,105.139,97.351,2.02176384203235,1.98834041699885,32.289,34.102,35.168,4.688,61.795,0.016,干层,马五41a,0.033423425033499,-0.207,0.424,单采,干层,非气层类
靖66-2,4046.0,23.301,58.122,167.386,0.17,21.983,1.58,2.785,0.597,8.921,0.412,3.373,134.958,122.811,2.13019863363412,2.08923726766304,61.578,61.578,68.231,6.056,50.585,0.235,干层,马五41a,0.0409613659710804,-0.185,0.582,单采,干层,非气层类
靖66-2,4046.125,23.929,57.996,167.779,0.177,22.0,1.584,2.789,0.623,9.637,0.465,3.481,124.227,113.047,2.09421599742378,2.05325904168595,55.853,55.853,61.887,6.623,47.911,0.348,干层,马五41a,0.0409569557378342,-0.158,0.642,单采,干层,非气层类
靖66-2,4046.25,25.651,57.49,168.345,0.186,21.998,1.624,2.785,0.597,9.928,0.486,3.597,118.485,107.821,2.07366337288141,2.03270335543241,50.996,50.996,56.506,6.763,47.753,0.382,干层,马五41a,0.0409600174490063,-0.111,0.672,单采,干层,非气层类
靖66-2,4046.375,27.351,57.469,168.553,0.19,21.987,1.689,2.779,0.558,9.945,0.487,3.636,116.877,106.358,2.06772905559422,2.02677016208252,47.042,47.042,52.124,6.669,48.602,0.359,干层,马五41a,0.0409588935116951,-0.0710000000000001,0.677,单采,干层,非气层类
靖66-2,4046.5,27.488,57.469,168.148,0.183,21.967,1.713,2.773,0.519,9.865,0.481,3.66,117.67,107.08,2.07066575345373,2.02970836251489,43.678,43.678,48.397,6.619,48.828,0.347,干层,马五41a,0.040957390938833,-0.038,0.664,单采,干层,非气层类
靖66-2,4046.625,25.1,56.816,167.472,0.171,21.926,1.628,2.77,0.5,9.863,0.481,3.64,116.617,106.122,2.06676186490012,2.02580542620267,40.788,40.788,45.195,6.834,47.543,0.4,干层,马五41a,0.0409564386974495,-0.019,0.652,单采,干层,非气层类
靖66-2,4046.75,22.061,56.816,166.852,0.161,21.885,1.522,2.77,0.5,10.009,0.492,3.527,112.554,102.425,2.05136093378397,2.01040597262518,38.262,38.262,42.396,7.206,45.805,0.505,干层,马五41a,0.0409549611587945,-0.00800000000000001,0.653,单采,干层,非气层类
靖66-2,4046.875,20.137,56.816,166.382,0.153,21.864,1.467,2.781,0.571,10.271,0.511,3.402,106.82,97.206,2.02865257363312,1.98769307240024,36.139,36.139,40.043,7.299,46.053,0.534,干层,马五41a,0.0409595012328745,-0.0599999999999999,0.664,单采,干层,非气层类
靖66-2,4047.0,20.048,56.816,166.412,0.153,21.873,1.466,2.791,0.636,10.494,0.528,3.385,100.735,91.669,2.00318039077125,1.96222249373854,34.766,34.766,38.522,7.25,47.232,0.519,干层,马五41a,0.0409578970327165,-0.108,0.681,单采,干层,非气层类
靖66-2,4047.125,20.932,56.816,166.98,0.163,21.901,1.47,2.798,0.682,10.559,0.532,3.476,94.741,86.215,1.97653796443447,1.93558283253579,33.965,33.965,37.635,7.14,48.848,0.485,干层,马五41a,0.0409551318986865,-0.15,0.695,单采,干层,非气层类
靖66-2,4047.25,21.897,56.816,167.78,0.177,21.944,1.472,2.797,0.675,10.417,0.522,3.573,89.88,81.791,1.95366306374709,1.91270551803102,33.716,33.716,37.359,7.068,50.126,0.464,干层,马五41a,0.0409575457160674,-0.153,0.699,单采,干层,非气层类
靖66-2,4047.375,22.085,56.816,168.348,0.186,21.999,1.498,2.794,0.656,10.08,0.497,3.639,86.926,79.102,1.93914969552422,1.898187464256,33.786,33.786,37.436,7.07,50.632,0.464,干层,马五41a,0.040962231268225,-0.159,0.683,单采,干层,非气层类
靖66-2,4047.5,21.621,56.816,168.371,0.187,22.054,1.534,2.786,0.604,9.597,0.462,3.687,85.137,77.475,1.93011834273564,1.88916158491132,33.873,33.873,37.532,6.791,52.892,0.389,干层,马五41a,0.0409567578243177,-0.142,0.649,单采,干层,非气层类
靖66-2,4047.625,21.267,56.816,167.615,0.174,22.102,1.571,2.785,0.597,9.01,0.419,3.565,84.402,76.806,1.92635273784216,1.88539514796262,33.737,33.737,37.382,6.299,56.864,0.279,干层,马五41a,0.0409575898795373,-0.178,0.593,单采,干层,非气层类
靖66-2,4047.75,21.93,56.816,166.493,0.155,22.136,1.636,2.786,0.604,8.41,0.374,3.449,85.743,78.026,1.93319867465692,1.89223934339567,33.758,33.758,37.405,5.703,62.06,0.18,干层,马五41a,0.0409593312612457,-0.23,0.529,单采,干层,非气层类
靖66-2,4047.875,23.339,56.816,165.541,0.138,22.152,1.741,2.79,0.63,7.891,0.336,3.365,90.156,82.042,1.95499463488738,1.91403623895104,34.045,34.045,37.723,5.103,67.747,0.111,干层,马五41a,0.0409583959363415,-0.294,0.474,单采,干层,非气层类
靖66-2,4048.0,24.437,56.816,164.905,0.127,22.147,1.827,2.795,0.662,7.543,0.311,3.358,99.193,90.265,1.9964810252929,1.95551938648821,35.98,35.98,39.867,4.676,71.3,0.075,干层,马五41a,0.0409616388046892,-0.351,0.438,单采,干层,非气层类
延946-3,4193.0,23.38,34.482,181.224,0.684,23.613,1.686,2.688,0.518,7.142,0.417,3.898,67.125,59.937,1.82688429870761,1.7776950016051,70.49,70.49,78.211,3.617,44.01,0.01,干层,马五41a,0.0491892971025154,-0.101,1.101,单采,干层,非气层类
延946-3,4193.125,23.987,34.465,189.402,0.873,23.57,1.562,2.664,0.373,7.318,0.434,4.226,64.239,57.424,1.8077987717186,1.75909344098916,59.821,59.821,66.196,3.891,43.274,0.01,干层,马五41a,0.0487053307294334,0.061,1.307,单采,干层,非气层类
延946-3,4193.25,24.478,34.476,191.911,0.931,23.367,1.438,2.636,0.205,7.491,0.45,4.489,66.062,59.011,1.81995171764204,1.77093297425266,58.04,58.04,64.19,4.191,40.678,0.01,干层,马五41a,0.0490187433893781,0.245,1.381,单采,干层,非气层类
延946-3,4193.375,25.015,34.509,189.549,0.877,23.093,1.346,2.613,0.066,7.847,0.483,4.638,74.22,66.113,1.87052095001276,1.82028686452573,59.976,59.976,66.371,4.807,35.16,0.018,干层,马五41a,0.0502340854870305,0.417,1.36,单采,干层,非气层类
延946-3,4193.5,25.486,34.557,185.409,0.781,22.852,1.339,2.602,0.0,8.401,0.535,4.655,93.802,83.16,1.97221209829062,1.91991448065943,64.514,64.514,71.481,5.457,29.114,0.029,干层,马五41a,0.0522976176311887,0.535,1.316,单采,干层,非气层类
延946-3,4193.625,25.748,34.618,181.332,0.687,22.685,1.417,2.604,0.012,8.787,0.571,4.599,125.199,110.493,2.09760086005479,2.04333476528204,71.015,71.015,78.803,5.42,28.186,0.029,干层,马五41a,0.0542660947727476,0.559,1.258,单采,干层,非气层类
延946-3,4193.75,25.743,34.684,177.641,0.601,22.575,1.555,2.611,0.054,8.757,0.568,4.556,152.587,134.336,2.18351753447887,2.12819241256629,80.473,80.473,89.455,5.34,27.215,0.027,干层,马五41a,0.0553251219125834,0.514,1.169,单采,干层,非气层类
延946-3,4193.875,25.424,34.756,175.104,0.543,22.518,1.743,2.62,0.108,8.401,0.535,4.53,162.525,142.988,2.21092017471152,2.15529959164366,96.849,96.849,107.896,4.913,26.886,0.02,干层,马五41a,0.0556205830678604,0.427,1.078,单采,干层,非气层类
延946-3,4194.0,24.891,34.831,174.36,0.525,22.501,1.948,2.626,0.145,7.954,0.493,4.504,152.754,134.481,2.18399259145261,2.12866092985488,115.682,115.682,129.105,4.336,27.289,0.011,干层,马五41a,0.0553316615977355,0.348,1.018,单采,干层,非气层类
延946-3,4194.125,24.252,34.912,175.308,0.547,22.496,2.126,2.631,0.175,7.613,0.461,4.46,133.017,117.299,2.12390714874443,2.0692943096745,123.941,123.941,138.406,4.29,27.048,0.01,干层,马五41a,0.0546128390699301,0.286,1.008,单采,干层,非气层类
延946-3,4194.25,23.56,35.001,176.612,0.577,22.495,2.261,2.636,0.205,7.461,0.447,4.375,115.359,101.927,2.06205148267039,2.00828924188473,118.405,118.405,132.172,4.235,27.923,0.01,干层,马五41a,0.0537622407856682,0.242,1.024,单采,干层,非气层类
延946-3,4194.375,22.817,35.103,177.699,0.603,22.499,2.339,2.645,0.259,7.527,0.453,4.216,101.916,90.224,2.00824237013239,1.95532207724428,106.303,106.303,118.543,4.093,30.799,0.01,干层,马五41a,0.0529202928881123,0.194,1.056,单采,干层,非气层类
延946-3,4194.5,21.992,35.223,178.263,0.616,22.509,2.361,2.657,0.331,7.774,0.476,4.001,91.907,81.51,1.96334859022832,1.91121089313755,94.356,94.356,105.088,4.203,32.377,0.011,干层,马五41a,0.0521376970907652,0.145,1.092,单采,干层,非气层类
延946-3,4194.625,21.158,35.373,177.853,0.606,22.542,2.364,2.67,0.41,8.117,0.508,3.773,86.021,76.386,1.93460448695043,1.88301376852472,84.262,84.262,93.721,4.531,31.323,0.013,干层,马五41a,0.0515907184257112,0.098,1.114,单采,干层,非气层类
延946-3,4194.75,20.543,35.557,176.31,0.57,22.595,2.378,2.683,0.488,8.44,0.539,3.561,85.335,75.789,1.93112719282345,1.87960617679343,76.433,76.433,84.904,4.399,33.56,0.011,干层,马五41a,0.0515210160300263,0.051,1.109,单采,干层,非气层类
延946-3,4194.875,20.227,35.785,173.335,0.502,22.651,2.403,2.695,0.56,8.639,0.557,3.4,90.95,80.678,1.9588027033995,1.90675512355498,71.594,71.594,79.454,4.234,35.968,0.01,干层,马五41a,0.0520475798445186,-0.003,1.059,单采,干层,非气层类
延946-3,4195.0,20.115,36.064,169.418,0.411,22.692,2.427,2.704,0.614,8.597,0.553,3.346,102.402,90.647,2.01030843887108,1.95735343551365,70.313,70.313,78.012,4.093,37.561,0.01,干层,马五41a,0.0529550033574231,-0.0609999999999999,0.964,单采,干层,非气层类
延946-3,4195.125,20.317,36.413,166.049,0.333,22.715,2.467,2.706,0.627,8.257,0.522,3.433,117.851,104.096,2.07133327199093,2.01743404160176,72.635,72.635,80.628,4.069,37.207,0.01,干层,马五41a,0.0538992303891672,-0.105,0.855,单采,干层,非气层类
延946-3,4195.25,21.178,36.831,164.388,0.295,22.741,2.544,2.707,0.633,7.78,0.477,3.608,133.91,118.077,2.12681301004155,2.07216531043428,77.453,77.453,86.053,3.744,39.779,0.01,干层,马五41a,0.0546476996072753,-0.156,0.772,单采,干层,非气层类
延946-3,4195.375,23.234,37.327,164.315,0.293,22.775,2.667,2.709,0.645,7.256,0.428,3.837,149.033,131.243,2.17328244378857,2.11807614908794,84.591,84.591,94.091,2.915,48.697,0.01,干层,马五41a,0.0552062947006262,-0.217,0.721,单采,干层,非气层类
延946-3,4195.5,26.109,37.903,165.026,0.309,22.805,2.828,2.712,0.663,6.696,0.376,4.081,163.207,143.582,2.2127387818454,2.15709999846716,96.188,96.188,107.152,2.02,66.282,0.01,干层,马五41a,0.0556387833782397,-0.287,0.685,单采,干层,非气层类
延946-3,4195.625,28.585,38.577,165.844,0.328,22.813,2.922,2.721,0.717,6.039,0.314,4.26,182.967,160.784,2.26237276726998,2.20624282888109,117.042,117.042,130.637,1.423,82.95,0.01,干层,马五41a,0.0561299383888936,-0.403,0.642,单采,干层,非气层类
延946-3,4195.75,29.534,39.332,166.356,0.34,22.804,2.897,2.734,0.795,5.312,0.246,4.34,222.355,195.073,2.34704689968554,2.2901971629749,148.355,148.355,165.9,0.809,89.953,0.006,干层,马五41a,0.0568497367106335,-0.549,0.586,单采,干层,非气层类
延946-3,4195.875,29.194,40.173,166.164,0.336,22.795,2.814,2.747,0.873,4.573,0.177,4.354,300.944,263.49,2.47848568910335,2.42076413747179,187.09,187.09,209.522,0.01,100.0,0.001,干层,马五41a,0.0577215516315586,-0.696,0.513,单采,干层,非气层类
延946-3,4196.0,28.983,41.086,164.911,0.307,22.798,2.746,2.755,0.922,3.888,0.113,4.35,432.749,378.234,2.63623607297728,2.57776056562138,225.302,225.302,252.555,0.01,100.0,0.001,干层,马五41a,0.0584755073558947,-0.809,0.42,单采,干层,非气层类
延1194,3921.5,83.15,49.163,191.973,0.823,23.688,3.972,2.529,0.05,14.956,0.824,2.381,42.136,50.675,1.62465330534942,1.70479375736505,6.57,6.774,6.983,0.01,100.0,0.001,干层,马五41b,-0.0801404520156217,0.774,1.647,单采,干层,非气层类
延1194,3921.625,57.684,48.884,194.72,0.885,24.634,3.211,2.565,0.145,17.279,0.987,2.581,23.762,28.393,1.37588299154523,1.45321128243822,7.063,7.281,7.507,0.01,100.0,0.001,干层,马五41b,-0.0773282908929942,0.842,1.872,单采,干层,非气层类
延1194,3921.75,41.987,48.64,190.932,0.8,25.151,2.71,2.617,0.282,17.46,1.0,2.795,16.751,18.15,1.22404073862769,1.25887662937213,8.672,8.941,9.217,14.069,66.833,2.11,干层,马五41b,-0.034835890744437,0.718,1.8,单采,干层,非气层类
延1194,3921.875,34.474,48.407,180.916,0.576,24.76,2.408,2.691,0.478,15.551,0.866,3.012,29.992,24.589,1.47700542741349,1.39074086695292,11.428,11.781,12.146,12.167,63.206,1.01,干层,马五41b,0.0862645604605785,0.388,1.442,单采,干层,非气层类
延1194,3922.0,31.692,48.167,168.721,0.302,23.744,2.274,2.772,0.691,12.264,0.635,3.247,75.275,54.111,1.8766507641848,1.73328555999928,14.409,14.854,15.314,9.445,74.116,0.336,干层,马五41b,0.14336520418552,-0.0559999999999999,0.937,单采,干层,非气层类
延1194,3922.125,30.612,47.902,160.255,0.113,22.833,2.244,2.831,0.847,9.371,0.431,3.482,150.785,109.894,2.17835814033188,2.04097398143145,18.063,18.621,19.197,6.816,94.797,0.082,干层,马五41b,0.137384158900427,-0.416,0.544,单采,干层,非气层类
延1194,3922.25,29.894,47.612,156.672,0.033,22.481,2.227,2.861,0.926,7.825,0.323,3.671,220.765,173.587,2.34393022163086,2.23951719757049,25.6,26.392,27.208,5.11,99.858,0.023,干层,马五41b,0.104413024060363,-0.603,0.356,单采,干层,非气层类
延1194,3922.375,30.907,47.311,156.028,0.018,22.417,2.221,2.869,0.947,7.503,0.3,3.788,238.737,208.495,2.37791973216373,2.31909564444912,40.101,41.342,42.62,4.199,96.224,0.01,干层,马五41b,0.0588240877146062,-0.647,0.318,单采,干层,非气层类
延1194,3922.5,36.911,47.021,155.835,0.014,22.417,2.297,2.858,0.918,7.623,0.309,3.846,226.303,214.29,2.35469031124509,2.3310019048442,64.539,66.535,68.592,3.82,86.762,0.01,干层,马五41b,0.0236884064008898,-0.609,0.323,单采,干层,非气层类
延405,3252.0,25.087,-67.445,161.935,0.079,23.513,1.224,2.741,0.418,8.093,0.632,2.969,106.58,99.691,2.02767571590489,1.99865595242634,43.572,,43.908,3.669,100.0,0.01,干层,马五41a,0.0290197634785558,0.214,0.711,单采,干层,非气层类
延405,3252.125,24.433,-67.686,162.433,0.085,23.567,1.163,2.741,0.418,8.271,0.644,3.014,100.574,94.375,2.00248572310618,1.97485696463724,36.756,,36.719,3.659,100.0,0.01,干层,马五41a,0.027628758468933,0.226,0.729,单采,干层,非气层类
延405,3252.25,23.477,-68.189,162.684,0.088,23.575,1.046,2.75,0.442,8.278,0.645,3.009,96.529,90.783,1.98465780710452,1.95800453026757,35.103,,34.872,3.509,100.0,0.01,干层,马五41a,0.0266532768369512,0.203,0.733,单采,干层,非气层类
延405,3252.375,23.044,-68.445,162.238,0.083,23.538,0.988,2.756,0.458,8.22,0.641,2.962,93.926,88.514,1.97278582755411,1.94701196721629,35.609,,35.27,3.383,100.0,0.01,干层,马五41a,0.0257738603378219,0.183,0.724,单采,干层,非气层类
延405,3252.5,22.564,-68.478,160.774,0.066,23.513,0.901,2.76,0.468,8.227,0.641,2.947,93.734,88.65,1.97189715048259,1.94767873993694,36.653,,36.161,3.421,100.0,0.01,干层,马五41a,0.0242184105456502,0.173,0.707,单采,干层,非气层类
延405,3252.625,22.576,-68.478,159.493,0.052,23.503,0.846,2.76,0.468,8.348,0.65,2.964,93.509,88.979,1.97085341260762,1.94928752057451,35.478,,34.898,4.053,100.0,0.01,干层,马五41a,0.021565892033115,0.182,0.702,单采,干层,非气层类
延405,3252.75,22.668,-68.478,159.395,0.051,23.558,0.836,2.758,0.463,8.568,0.664,2.982,92.441,88.209,1.96586463490457,1.94551289863442,33.821,,33.212,4.067,100.0,0.01,干层,马五41a,0.0203517362701464,0.201,0.715,单采,干层,非气层类
延405,3252.875,22.703,-68.478,160.553,0.064,23.627,0.835,2.753,0.45,8.773,0.678,2.983,87.397,84.052,1.94149652524531,1.92454805184604,30.648,,30.047,4.224,100.0,0.011,干层,马五41a,0.0169484733992673,0.228,0.742,单采,干层,非气层类
延405,3253.0,22.51,-68.478,162.957,0.091,23.789,0.84,2.745,0.429,9.229,0.709,2.994,77.675,75.412,1.89028126192701,1.8774404588554,28.668,,28.089,5.045,100.0,0.021,干层,马五41a,0.0128408030716156,0.28,0.8,单采,干层,非气层类
延405,3253.125,22.525,-68.391,164.322,0.106,23.9,0.841,2.735,0.402,9.64,0.737,3.059,72.088,70.155,1.85786297668166,1.84605862896419,27.931,,27.37,5.129,100.0,0.022,干层,马五41a,0.0118043477174752,0.335,0.843,单采,干层,非气层类
延405,3253.25,23.081,-67.922,165.885,0.124,23.901,0.834,2.731,0.392,9.783,0.747,3.108,67.488,65.743,1.82922655805939,1.81784951802547,26.916,,26.407,5.186,100.0,0.023,干层,马五41a,0.0113770400339188,0.355,0.871,单采,干层,非气层类
延405,3253.375,24.293,-67.493,165.594,0.12,23.785,0.8,2.733,0.397,9.786,0.747,3.216,62.523,60.946,1.79603980831368,1.78494520733039,26.331,,25.91,5.124,100.0,0.022,干层,马五41a,0.0110946009832906,0.35,0.867,单采,干层,非气层类
延405,3253.5,25.051,-67.391,164.72,0.111,23.638,0.775,2.74,0.415,9.475,0.726,3.439,60.876,59.355,1.78444610836503,1.77345730932171,26.186,,25.901,4.98,100.0,0.02,干层,马五41a,0.01098879904332,0.311,0.837,单采,干层,非气层类
延405,3253.625,25.862,-67.391,162.784,0.089,23.574,0.745,2.751,0.444,9.168,0.705,3.614,62.088,60.538,1.79300767042815,1.78202806902704,26.251,,26.177,4.143,100.0,0.01,干层,马五41a,0.0109796014011116,0.261,0.794,单采,干层,非气层类
延405,3253.75,25.858,-67.391,161.803,0.078,23.526,0.741,2.759,0.466,8.731,0.675,3.891,63.064,61.484,1.79978151355483,1.78876211389306,26.41,,26.411,3.941,100.0,0.01,干层,马五41a,0.011019399661764,0.209,0.753,单采,干层,非气层类
延405,3253.875,25.681,-67.391,160.466,0.063,23.515,0.743,2.769,0.492,8.747,0.677,4.044,66.128,64.508,1.82038538793763,1.80961357727727,26.735,,26.766,3.858,100.0,0.01,干层,马五41a,0.0107718106603636,0.185,0.74,单采,干层,非气层类
延405,3254.0,25.97,-67.391,159.666,0.054,23.519,0.763,2.774,0.505,8.985,0.693,4.067,70.094,68.642,1.8456808442375,1.83658992892442,27.18,,27.412,3.821,100.0,0.01,干层,马五41a,0.00909091531308115,0.188,0.747,单采,干层,非气层类
延405,3254.125,26.234,-67.391,159.301,0.05,23.536,0.786,2.775,0.508,9.573,0.732,4.059,71.065,69.861,1.8516557603728,1.8442347978973,27.778,,28.177,4.407,100.0,0.011,干层,马五41a,0.00742096247550528,0.224,0.782,单采,干层,非气层类
延405,3254.25,26.657,-67.391,158.614,0.042,23.55,0.832,2.775,0.508,9.889,0.754,4.046,71.254,70.299,1.85280924944078,1.84694914724499,29.532,,30.309,4.41,100.0,0.012,干层,马五41a,0.00586010219578981,0.246,0.796,单采,干层,非气层类
延405,3254.375,27.392,-67.391,157.826,0.033,23.587,0.888,2.772,0.5,10.113,0.769,3.965,70.807,70.196,1.85007619428719,1.84631236530044,31.69,,32.983,4.466,100.0,0.012,干层,马五41a,0.00376382898675875,0.269,0.802,单采,干层,非气层类
延405,3254.5,27.991,-67.391,157.294,0.027,23.643,0.931,2.765,0.481,10.1,0.768,4.06,70.246,69.861,1.84662159936165,1.8442347978973,32.786,,34.485,4.528,100.0,0.013,干层,马五41a,0.00238680146435155,0.287,0.795,单采,干层,非气层类
延405,3254.625,29.124,-67.391,156.263,0.016,23.676,1.006,2.757,0.46,10.057,0.765,4.261,69.54,69.351,1.84223468634724,1.8410527277215,34.768,,37.221,4.63,100.0,0.014,干层,马五41a,0.00118195862574044,0.305,0.781,单采,干层,非气层类
延405,3254.75,30.227,-67.391,155.405,0.006,23.72,1.079,2.757,0.46,10.096,0.768,4.636,69.052,68.891,1.83917626186302,1.83816248887945,38.035,,41.144,4.614,100.0,0.014,干层,马五41a,0.00101377298356953,0.308,0.774,单采,干层,非气层类
延405,3254.875,30.78,-67.391,155.088,0.002,23.764,1.113,2.762,0.474,10.383,0.787,4.697,68.371,68.19,1.83487193197413,1.83372069044463,41.272,,44.9,4.544,100.0,0.013,干层,马五41a,0.00115124152949964,0.313,0.789,单采,干层,非气层类
延405,3255.0,31.121,-67.391,154.869,0.0,23.803,1.155,2.768,0.489,10.608,0.802,4.565,66.862,66.516,1.82517936322234,1.82292612464009,47.988,,52.623,4.417,100.0,0.012,干层,马五41a,0.00225323858225646,0.313,0.802,单采,干层,非气层类
延405,3255.125,29.924,-67.478,155.165,0.003,23.966,1.158,2.767,0.487,10.881,0.821,4.16,66.0,65.393,1.81954393554187,1.81553126171755,52.227,,57.461,4.536,98.265,0.013,干层,马五41a,0.00401267382431936,0.334,0.824,单采,干层,非气层类
延405,3255.25,28.929,-67.686,155.532,0.007,24.291,1.157,2.754,0.452,10.848,0.819,3.768,66.125,65.405,1.82036568504324,1.81561094999715,59.751,,65.931,5.356,79.303,0.027,干层,马五41a,0.00475473504609436,0.367,0.826,单采,干层,非气层类
延405,3255.375,27.689,-68.189,156.274,0.016,24.485,1.158,2.731,0.392,10.695,0.808,3.61,67.578,66.528,1.82980533449693,1.82300446765138,68.012,,74.962,5.059,77.85,0.021,干层,马五41a,0.00680086684555481,0.416,0.824,单采,干层,非气层类
延405,3255.5,27.604,-68.706,156.564,0.019,24.634,1.167,2.713,0.344,10.405,0.789,3.469,70.295,68.905,1.84692443526684,1.83825073705454,74.392,,81.784,5.505,66.221,0.031,干层,马五41a,0.00867369821229635,0.445,0.808,单采,干层,非气层类
延405,3255.625,28.358,-69.102,156.678,0.02,24.609,1.217,2.69,0.283,10.22,0.776,3.301,77.37,75.392,1.8885725968576,1.87732526443497,87.293,,95.331,5.674,62.022,0.035,干层,马五41a,0.0112473324226299,0.493,0.796,单采,干层,非气层类
延405,3255.75,29.799,-69.464,156.399,0.017,24.41,1.32,2.682,0.262,10.108,0.769,3.166,82.631,80.242,1.91714300861816,1.90440174476484,98.924,,107.085,5.743,58.504,0.037,干层,马五41a,0.012741263853322,0.507,0.786,单采,干层,非气层类
延405,3255.875,31.097,-69.652,156.337,0.016,24.243,1.397,2.686,0.272,9.657,0.738,2.895,89.812,86.79,1.9533343676874,1.93846968836765,103.594,,111.41,5.006,66.793,0.021,干层,马五41a,0.0148646793197533,0.466,0.754,单采,干层,非气层类
延405,3256.0,36.175,-70.121,156.762,0.021,24.181,1.653,2.702,0.315,9.228,0.709,2.741,109.18,104.21,2.03814308996994,2.01790939589669,107.307,,113.961,3.871,82.811,0.01,干层,马五41a,0.0202336940732533,0.394,0.73,单采,干层,非气层类
延500,3269.0,19.693,13.302,167.582,0.29,22.113,1.863,2.739,0.761,11.743,0.747,3.176,36.285,41.621,1.55972712741756,1.61931251050474,11.783,11.783,10.733,5.017,100.0,0.103,干层,马五41a,-0.0595853830871826,-0.014,1.037,单采,干层,非气层类
延500,3269.125,20.284,12.512,168.845,0.311,22.125,1.761,2.711,0.81,12.16,0.684,3.228,31.86,36.871,1.50324577146511,1.56668491652102,11.394,11.394,10.421,5.881,100.0,0.209,干层,马五41a,-0.0634391450559069,-0.126,0.995,单采,干层,非气层类
延500,3269.25,21.75,11.786,169.485,0.321,22.115,1.703,2.692,0.85,12.497,0.641,3.258,29.63,34.398,1.47173165148005,1.53653319215832,11.435,11.435,10.501,6.417,100.0,0.304,干层,马五41a,-0.0648015406782678,-0.209,0.962,单采,干层,非气层类
延500,3269.375,22.3,11.136,169.636,0.324,22.116,1.627,2.683,0.869,12.656,0.621,3.238,28.952,33.719,1.46167857010014,1.52787468632869,11.829,11.829,10.919,6.673,100.0,0.36,干层,马五41a,-0.066196116228548,-0.248,0.945,单采,干层,非气层类
延500,3269.5,21.121,10.569,169.48,0.321,22.146,1.568,2.684,0.88,12.742,0.623,3.176,29.081,33.988,1.46360933640347,1.53132560958103,12.46,12.46,11.587,6.796,100.0,0.39,干层,马五41a,-0.0677162731775616,-0.257,0.944,单采,干层,非气层类
延500,3269.625,19.98,10.097,169.345,0.319,22.166,1.62,2.691,0.893,12.854,0.639,3.068,29.649,34.62,1.47201005008457,1.53932706353937,13.197,13.197,12.405,6.765,100.0,0.383,干层,马五41a,-0.067317013454802,-0.254,0.958,单采,干层,非气层类
延500,3269.75,20.294,9.697,169.309,0.319,22.162,1.764,2.701,0.903,12.936,0.661,2.919,29.936,35.207,1.47619377015593,1.54662902027173,13.913,13.913,13.251,6.559,100.0,0.335,干层,马五41a,-0.0704352501157919,-0.242,0.98,单采,干层,非气层类
延500,3269.875,21.023,9.351,169.103,0.315,22.117,1.937,2.711,0.9,12.913,0.684,2.772,29.978,35.582,1.47680265526552,1.55123035534297,14.565,14.565,14.092,6.253,100.0,0.271,干层,马五41a,-0.0744277000774551,-0.216,0.999,单采,干层,非气层类
延500,3270.0,20.507,9.04,168.556,0.306,22.113,2.1,2.719,0.886,12.799,0.702,2.675,31.031,36.732,1.49179577131359,1.56504457564496,15.144,15.144,14.93,6.03,100.0,0.231,干层,马五41a,-0.0732488043313682,-0.184,1.008,单采,干层,非气层类
延500,3270.125,18.696,8.743,167.766,0.293,22.162,2.288,2.724,0.861,12.585,0.713,2.657,32.615,38.754,1.51341738285851,1.58831653492679,15.633,15.633,15.73,5.94,100.0,0.216,干层,马五41a,-0.0748991520682867,-0.148,1.006,单采,干层,非气层类
延500,3270.25,17.511,8.443,166.81,0.277,22.255,2.446,2.728,0.826,12.294,0.722,2.696,33.67,40.336,1.52724311638809,1.60569282833237,16.024,16.024,16.466,5.774,100.0,0.191,干层,马五41a,-0.078449711944282,-0.104,0.999,单采,干层,非气层类
延500,3270.375,17.875,8.138,165.598,0.258,22.276,2.503,2.731,0.792,12.01,0.729,2.767,34.68,41.529,1.54007908880417,1.61835147361624,16.353,16.353,17.181,5.499,100.0,0.154,干层,马五41a,-0.0782723848120703,-0.0630000000000001,0.987,单采,干层,非气层类
延500,3270.5,19.293,7.832,164.312,0.236,22.265,2.478,2.735,0.769,11.811,0.738,2.809,36.602,43.518,1.56350481668492,1.63866892784539,16.728,16.728,17.995,5.18,100.0,0.118,干层,马五41a,-0.0751641111604675,-0.031,0.974,单采,干层,非气层类
延500,3270.625,20.729,7.543,163.504,0.223,22.247,2.41,2.741,0.757,11.71,0.752,2.785,38.715,45.887,1.58787926359955,1.66168966532084,17.309,17.309,19.112,4.871,100.0,0.1,干层,马五41a,-0.0738104017212862,-0.005,0.975,单采,干层,非气层类
延500,3270.75,21.936,7.283,163.179,0.218,22.25,2.314,2.746,0.755,11.7,0.763,2.757,39.664,46.771,1.59839650942375,1.66997665555826,18.122,18.122,20.57,4.641,100.0,0.1,干层,马五41a,-0.071580146134514,0.00800000000000001,0.981,单采,干层,非气层类
延500,3270.875,22.813,7.062,162.858,0.212,22.262,2.214,2.751,0.766,11.789,0.774,2.743,39.836,46.428,1.60027572369892,1.66677997576887,19.12,19.12,22.364,4.51,100.0,0.1,干层,马五41a,-0.066504252069949,0.00800000000000001,0.986,单采,干层,非气层类
延500,3271.0,23.083,6.884,162.254,0.203,22.248,2.136,2.754,0.782,11.927,0.781,2.734,40.351,46.571,1.6058543021089,1.66811556346031,20.327,20.327,24.597,4.496,100.0,0.1,干层,马五41a,-0.0622612613514013,-0.001,0.984,单采,干层,非气层类
延500,3271.125,22.616,6.752,161.692,0.193,22.252,2.039,2.754,0.797,12.048,0.781,2.727,41.232,47.069,1.61523440120683,1.67273497164216,22.408,22.408,28.266,4.601,100.0,0.1,干层,马五41a,-0.0575005704353282,-0.016,0.974,单采,干层,非气层类
延500,3271.25,22.035,6.651,161.36,0.188,22.346,1.977,2.751,0.808,12.14,0.774,2.714,41.137,46.406,1.61423261669871,1.66657413569345,26.542,26.542,35.091,4.753,100.0,0.1,干层,马五41a,-0.0523415189947423,-0.034,0.962,单采,干层,非气层类
延500,3271.375,21.811,6.567,160.952,0.181,22.438,2.053,2.748,0.811,12.169,0.767,2.696,41.13,45.757,1.61415870950918,1.66045754274835,34.019,34.019,47.197,4.868,100.0,0.1,干层,马五41a,-0.0462988332391725,-0.044,0.948,单采,干层,非气层类
延500,3271.5,21.857,6.494,160.128,0.168,22.477,2.29,2.745,0.798,12.056,0.761,2.692,42.446,46.57,1.62783676973242,1.66810623793273,56.141,56.141,64.93,4.865,100.0,0.1,干层,马五41a,-0.0402694682003122,-0.037,0.929,单采,干层,非气层类
延500,3271.625,22.131,6.426,158.625,0.143,22.548,2.659,2.744,0.763,11.767,0.758,2.7,44.825,48.439,1.65152029823422,1.68519516876158,71.535,71.535,83.186,4.712,100.0,0.1,干层,马五41a,-0.0336748705273644,-0.005,0.901,单采,干层,非气层类
延500,3271.75,22.656,6.366,156.822,0.113,22.571,3.042,2.746,0.723,11.426,0.763,2.678,48.054,51.347,1.6817295440467,1.71051507458362,76.245,76.245,94.13,4.44,100.0,0.1,干层,马五41a,-0.0287855305369185,0.04,0.876,单采,干层,非气层类
延500,3271.875,23.439,6.32,155.489,0.091,22.504,3.323,2.751,0.681,11.079,0.774,2.623,53.186,55.928,1.72579732923296,1.74762928912095,77.929,77.929,96.208,4.079,100.0,0.1,干层,马五41a,-0.021831959887993,0.093,0.865,单采,干层,非气层类
延500,3272.0,24.178,6.298,155.347,0.089,22.425,3.417,2.752,0.637,10.711,0.777,2.566,60.179,62.174,1.77944496675251,1.79360880885191,76.422,76.422,94.348,3.798,100.0,0.1,干层,马五41a,-0.0141638420994015,0.14,0.866,单采,干层,非气层类
延500,3272.125,24.37,6.316,156.665,0.111,22.607,3.297,2.74,0.603,10.425,0.749,2.531,68.567,69.932,1.83611514827028,1.84467594889723,77.946,77.946,96.23,3.902,100.0,0.1,干层,马五41a,-0.00856080062694864,0.146,0.86,单采,干层,非气层类
延500,3272.25,24.291,6.374,158.586,0.142,22.913,3.074,2.711,0.596,10.361,0.684,2.526,77.898,78.62,1.89152630747855,1.89553303948407,84.509,84.509,104.333,4.554,100.0,0.1,干层,马五41a,-0.00400673200552459,0.0880000000000001,0.826,单采,干层,非气层类
延500,3272.375,24.024,6.472,160.151,0.168,23.216,2.762,2.673,0.616,10.533,0.598,2.536,86.472,86.588,1.93687550383417,1.93745770847355,94.087,94.087,116.157,5.589,100.0,0.173,干层,马五41a,-0.000582204639379524,-0.018,0.766,单采,干层,非气层类
延500,3272.5,23.56,6.606,160.451,0.173,23.289,2.4,2.642,0.655,10.854,0.528,2.516,95.966,95.343,1.98211739316648,1.97928881302995,102.174,102.174,126.14,6.555,100.0,0.333,干层,马五41a,0.0028285801365211,-0.127,0.701,单采,干层,非气层类
延500,3272.625,23.532,6.775,159.223,0.153,23.26,2.207,2.634,0.697,11.208,0.51,2.442,110.126,108.62,2.04188986505243,2.03590979845661,105.401,105.401,130.125,6.943,100.0,0.429,干层,马五41a,0.00598006659582362,-0.187,0.663,单采,干层,非气层类
延500,3272.75,24.524,6.961,157.84,0.13,23.165,2.274,2.638,0.727,11.461,0.519,2.33,125.199,122.808,2.09760086005479,2.08922665868372,107.628,107.628,132.874,6.908,100.0,0.42,干层,马五41a,0.00837420137106859,-0.208,0.649,单采,干层,非气层类
延500,3272.875,26.117,7.156,157.289,0.121,23.132,2.617,2.646,0.73,11.488,0.537,2.2,139.03,135.866,2.14310852276251,2.13311078962578,113.708,113.708,140.38,6.605,100.0,0.345,干层,马五41a,0.00999773313673336,-0.193,0.658,单采,干层,非气层类
延500,3273.0,27.316,7.351,157.505,0.124,23.206,3.166,2.649,0.699,11.227,0.544,2.085,153.814,148.706,2.1869958663239,2.17232849181934,127.07,127.07,156.876,6.27,100.0,0.274,干层,马五41a,0.014667374504552,-0.155,0.668,单采,干层,非气层类
靖10-1,3710.0,42.993,64.173,153.134,0.01,22.004,1.993,2.714,0.502,4.707,0.274,3.803,389.679,396.06,2.59070700207224,2.59776098313523,106.532,,101.594,2.001,100.0,0.1,干层,马五41a,-0.00705398106299349,-0.228,0.284,单采,干层,非气层类
靖10-1,3710.125,36.54,63.558,152.878,0.007,21.837,1.653,2.719,0.52,4.544,0.258,3.745,276.314,284.777,2.44140288987023,2.45450491060933,94.544,,89.06,1.976,100.0,0.1,干层,马五41a,-0.0131020207390931,-0.262,0.265,单采,干层,非气层类
靖10-1,3710.25,30.526,62.803,153.818,0.018,21.654,1.346,2.721,0.527,4.364,0.24,3.676,209.448,216.352,2.32107621767833,2.33516091425602,83.226,,77.448,1.961,100.0,0.1,干层,马五41a,-0.0140846965776964,-0.287,0.258,单采,干层,非气层类
靖10-1,3710.375,26.303,61.961,156.048,0.046,21.466,1.142,2.723,0.534,4.342,0.238,3.588,178.877,183.922,2.25255450258395,2.26463368088106,75.915,,70.129,2.014,100.0,0.1,干层,马五41a,-0.0120791782971135,-0.296,0.284,单采,干层,非气层类
靖10-1,3710.5,24.255,61.084,158.502,0.076,21.362,1.025,2.723,0.534,4.609,0.264,3.479,170.695,173.896,2.23222079994184,2.24028959236552,69.388,,63.29,2.188,100.0,0.1,干层,马五41a,-0.00806879242368241,-0.27,0.34,单采,干层,非气层类
靖10-1,3710.625,23.307,60.239,160.039,0.094,21.345,0.882,2.723,0.534,5.372,0.339,3.357,168.81,169.186,2.22739816987366,2.22836442268467,63.187,,56.458,2.601,100.0,0.1,干层,马五41a,-0.000966252811014812,-0.195,0.433,单采,干层,非气层类
靖10-1,3710.75,23.047,59.472,160.164,0.096,21.392,0.738,2.719,0.52,5.947,0.396,3.255,167.417,167.146,2.22379955539759,2.22309598787616,60.093,,53.11,2.982,100.0,0.1,干层,马五41a,0.000703567521430415,-0.124,0.492,单采,干层,非气层类
靖10-1,3710.875,23.701,58.775,159.461,0.087,21.508,0.601,2.712,0.495,6.189,0.419,3.194,167.046,165.467,2.22283608070012,2.21871139299431,61.685,,55.252,3.258,100.0,0.1,干层,马五41a,0.00412468770581587,-0.076,0.506,单采,干层,非气层类
靖10-1,3711.0,24.536,58.097,158.784,0.079,21.639,0.526,2.702,0.458,6.128,0.413,3.119,163.273,158.284,2.21291437260867,2.19943701680234,67.474,,62.856,3.426,100.0,0.1,干层,马五41a,0.0134773558063337,-0.045,0.492,单采,干层,非气层类
靖10-1,3711.125,24.193,57.41,158.548,0.076,21.649,0.516,2.693,0.426,6.311,0.431,3.077,151.823,145.809,2.18133756876918,2.16378433145592,73.624,,71.839,3.739,100.0,0.1,干层,马五41a,0.017553237313253,0.005,0.507,单采,干层,非气层类
靖10-1,3711.25,23.719,56.765,158.833,0.08,21.652,0.567,2.688,0.408,6.815,0.481,3.029,143.239,136.515,2.1560612803935,2.13518037342307,75.828,,75.859,4.145,100.0,0.1,干层,马五41a,0.0208809069704232,0.073,0.561,单采,干层,非气层类
靖10-1,3711.375,23.312,56.242,160.637,0.102,21.64,0.698,2.685,0.397,7.245,0.523,2.954,142.497,134.943,2.15380572120656,2.13015036099167,73.254,,72.916,4.441,100.0,0.1,干层,马五41a,0.0236553602148897,0.126,0.625,单采,干层,非气层类
靖10-1,3711.5,22.748,55.891,161.238,0.109,21.583,0.854,2.685,0.397,7.498,0.548,2.909,145.128,136.85,2.16175121031755,2.13624480174614,67.888,,65.604,4.596,100.0,0.1,干层,马五41a,0.0255064085714052,0.151,0.657,单采,干层,非气层类
靖10-1,3711.625,24.189,55.699,161.49,0.112,21.513,0.967,2.686,0.401,7.494,0.547,2.884,147.593,138.608,2.16906576037683,2.14178829705493,65.416,,61.818,4.555,100.0,0.1,干层,马五41a,0.0272774633219046,0.146,0.659,单采,干层,非气层类
靖10-1,3711.75,25.264,55.534,162.227,0.121,21.451,1.025,2.686,0.401,7.561,0.554,2.9,150.512,140.775,2.17757112668086,2.14852553601305,67.186,,63.703,4.551,100.0,0.1,干层,马五41a,0.0290455906678133,0.153,0.675,单采,干层,非气层类
靖10-1,3711.875,23.789,55.328,162.295,0.122,21.453,1.087,2.689,0.412,7.755,0.573,2.887,154.726,144.098,2.18956329823561,2.15865795309025,75.028,,73.146,4.624,100.0,0.1,干层,马五41a,0.0309053451453671,0.161,0.695,单采,干层,非气层类
靖10-1,3712.0,22.688,55.102,161.51,0.112,21.553,1.099,2.695,0.433,7.998,0.597,2.81,159.03,147.456,2.20147905894609,2.16866244873506,86.248,,86.695,4.656,100.0,0.1,干层,马五41a,0.0328166102110274,0.164,0.709,单采,干层,非气层类
靖10-1,3712.125,23.361,54.933,159.773,0.091,21.677,1.091,2.702,0.458,8.09,0.606,2.758,161.886,149.469,2.20920929232567,2.17455112894824,85.027,,86.641,4.523,100.0,0.1,干层,马五41a,0.0346581633774266,0.148,0.697,单采,干层,非气层类
靖10-1,3712.25,25.162,54.831,159.255,0.085,21.815,1.1,2.708,0.48,8.003,0.597,2.772,163.363,150.313,2.2131537002049,2.17699654269013,82.718,,85.994,4.288,100.0,0.1,干层,马五41a,0.0361571575147654,0.117,0.682,单采,干层,非气层类
靖10-1,3712.375,25.916,54.744,159.221,0.084,21.885,1.094,2.712,0.495,8.002,0.597,2.806,164.44,150.836,2.21600746810831,2.17850500688817,82.658,,87.829,4.169,100.0,0.1,干层,马五41a,0.0375024612201376,0.102,0.681,单采,干层,非气层类
靖10-1,3712.5,27.876,54.602,159.623,0.089,21.742,0.88,2.715,0.505,8.136,0.61,2.854,165.717,151.509,2.21936706259851,2.18043843174422,79.692,,87.023,4.141,100.0,0.1,干层,马五41a,0.0389286308542864,0.105,0.699,单采,干层,非气层类
靖10-1,3712.625,27.944,54.354,160.958,0.106,21.647,0.761,2.716,0.509,8.33,0.629,2.816,166.446,151.43,2.22127336273209,2.18021192234894,71.196,,80.719,4.218,100.0,0.1,干层,马五41a,0.0410614403831491,0.12,0.735,单采,干层,非气层类
靖10-1,3712.75,26.278,54.064,161.8,0.116,21.609,0.829,2.716,0.509,8.414,0.637,2.831,166.542,150.566,2.22152377578852,2.17772691290419,64.471,,76.088,4.307,100.0,0.1,干层,马五41a,0.0437968628843315,0.128,0.753,单采,干层,非气层类
靖10-1,3712.875,24.513,53.845,161.039,0.107,21.579,0.996,2.714,0.502,8.398,0.636,2.864,166.78,149.598,2.22214396950066,2.17492578741367,64.603,,78.636,4.365,100.0,0.1,干层,马五41a,0.0472181820869917,0.134,0.743,单采,干层,非气层类
靖10-1,3713.0,23.801,53.799,160.246,0.097,21.593,1.179,2.711,0.491,8.454,0.641,2.917,167.807,149.343,2.22481007328627,2.17418487118106,74.408,,93.449,4.484,100.0,0.1,干层,马五41a,0.0506252021052109,0.15,0.738,单采,干层,非气层类
靖10-1,3713.125,23.229,53.979,160.286,0.097,21.625,1.265,2.705,0.469,8.568,0.653,2.996,169.643,149.999,2.22953594400416,2.17608836374948,93.482,,128.971,4.704,100.0,0.1,干层,马五41a,0.0534475802546779,0.184,0.75,单采,干层,非气层类
靖10-1,3713.25,24.061,54.288,160.646,0.102,21.658,1.288,2.697,0.44,8.669,0.662,3.094,171.92,151.078,2.23532640248339,2.17920122691857,108.587,,166.226,4.936,100.0,0.102,干层,马五41a,0.056125175564814,0.222,0.764,单采,干层,非气层类
靖10-1,3713.375,25.385,54.641,161.405,0.111,21.64,1.297,2.689,0.412,8.713,0.667,3.201,174.141,151.995,2.24090103405501,2.18182930170711,112.363,,176.847,5.12,100.0,0.112,干层,马五41a,0.0590717323479053,0.255,0.778,单采,干层,非气层类
靖10-1,3713.5,26.661,54.969,162.295,0.122,21.612,1.317,2.685,0.397,8.671,0.663,3.301,176.757,153.233,2.24737662190982,2.18535230429505,108.138,,159.456,5.17,100.0,0.117,干层,马五41a,0.0620243176147683,0.266,0.785,单采,干层,非气层类
靖10-1,3713.625,26.548,55.278,162.159,0.12,21.556,1.395,2.687,0.404,8.736,0.669,3.375,179.529,154.759,2.25413461181517,2.1896559147951,100.465,,136.098,5.145,100.0,0.115,干层,马五41a,0.0644786970200615,0.265,0.789,单采,干层,非气层类
靖10-1,3713.75,26.554,55.646,162.084,0.119,21.573,1.432,2.694,0.43,8.85,0.68,3.418,181.158,155.378,2.25805751738872,2.19138952698111,90.742,,115.054,5.034,100.0,0.105,干层,马五41a,0.0666679904076051,0.25,0.799,单采,干层,非气层类
靖10-1,3713.875,26.242,56.123,163.305,0.134,21.609,1.369,2.702,0.458,8.964,0.691,3.433,182.272,155.537,2.26071995894871,2.19183371802138,83.603,,101.467,4.913,100.0,0.1,干层,马五41a,0.0688862409273283,0.233,0.825,单采,干层,非气层类
靖10-1,3714.0,27.247,56.703,164.326,0.147,21.627,1.274,2.706,0.473,9.053,0.7,3.426,184.217,156.555,2.26532970547821,2.19466694252293,84.572,,102.402,4.848,100.0,0.1,干层,马五41a,0.0706627629552745,0.227,0.847,单采,干层,非气层类
靖11-1,3717.0,21.473,83.706,167.607,0.205,23.5,1.413,2.743,0.556,7.486,0.369,2.977,41.723,39.746,1.62037552786102,1.5992934282041,83.393,83.393,91.612,6.086,38.864,0.05,干层,马五41a,0.0210820996569201,-0.187,0.574,单采,干层,非气层类
靖11-1,3717.125,21.55,84.345,168.847,0.222,23.5,1.451,2.717,0.423,8.016,0.427,3.03,39.302,37.417,1.59441465131342,1.57306896393162,70.603,70.603,79.656,7.215,35.604,0.103,干层,马五41a,0.0213456873817959,0.004,0.649,单采,干层,非气层类
靖11-1,3717.25,21.41,84.345,169.392,0.229,23.5,1.492,2.69,0.286,8.895,0.525,3.063,38.815,36.944,1.58899959049944,1.5675439155731,59.08,59.08,68.674,8.186,31.868,0.178,干层,马五41a,0.0214556749263344,0.239,0.754,单采,干层,非气层类
靖11-1,3717.375,21.335,84.345,169.192,0.226,23.5,1.529,2.67,0.184,9.803,0.626,3.099,38.796,36.923,1.58878695065918,1.56729698028764,48.441,48.441,57.697,8.496,33.262,0.206,干层,马五41a,0.0214899703715437,0.442,0.852,单采,干层,非气层类
靖11-1,3717.5,21.742,84.345,168.487,0.217,23.5,1.563,2.658,0.122,10.493,0.702,3.099,38.83,36.954,1.58916739054605,1.5676614544739,38.796,38.796,47.914,9.176,33.293,0.292,干层,马五41a,0.0215059360721495,0.58,0.919,单采,干层,非气层类
靖11-1,3717.625,22.446,84.345,167.637,0.206,23.5,1.578,2.653,0.097,10.886,0.746,3.122,38.765,36.892,1.58843978830553,1.56693219996574,38.057,38.057,42.453,9.386,32.769,0.319,干层,马五41a,0.0215075883397886,0.649,0.952,单采,干层,非气层类
靖11-1,3717.75,22.597,84.345,167.127,0.199,23.5,1.56,2.651,0.087,11.041,0.763,3.112,38.526,36.662,1.58575392030014,1.56421615307769,36.006,36.006,41.959,8.742,33.22,0.237,干层,马五41a,0.0215377672224519,0.676,0.962,单采,干层,非气层类
靖11-1,3717.875,21.929,84.345,167.124,0.199,23.5,1.521,2.652,0.092,10.991,0.757,3.063,38.213,36.361,1.58221113432022,1.56063581867836,36.983,36.983,45.781,8.502,31.902,0.207,干层,马五41a,0.0215753156418541,0.665,0.956,单采,干层,非气层类
靖11-1,3718.0,20.751,84.345,167.348,0.202,23.5,1.489,2.655,0.107,10.826,0.739,3.113,38.44,36.576,1.58478337899651,1.56319620871519,41.506,41.506,51.737,8.483,31.461,0.204,干层,马五41a,0.02158717028132,0.632,0.941,单采,干层,非气层类
靖11-1,3718.125,19.711,84.345,167.406,0.203,23.5,1.465,2.657,0.117,10.724,0.728,3.161,39.863,37.932,1.60056997962334,1.5790057418872,47.662,47.662,57.277,8.489,30.462,0.205,干层,马五41a,0.0215642377361311,0.611,0.931,单采,干层,非气层类
靖11-1,3718.25,19.301,84.345,167.246,0.2,23.5,1.453,2.658,0.122,10.699,0.725,3.169,42.686,40.626,1.63028546004362,1.60880406418107,51.765,51.765,61.321,8.503,29.299,0.207,干层,马五41a,0.0214813958625506,0.603,0.925,单采,干层,非气层类
靖11-1,3718.375,19.597,83.706,167.015,0.197,23.5,1.463,2.656,0.112,10.598,0.714,3.182,46.042,43.831,1.66315418051159,1.64178137915334,55.868,55.868,65.085,8.506,28.305,0.207,干层,马五41a,0.0213728013582497,0.602,0.911,单采,干层,非气层类
靖11-1,3718.5,19.985,83.706,166.581,0.192,23.5,1.487,2.655,0.107,10.373,0.689,3.24,48.788,46.455,1.68831301514512,1.66703246441247,59.97,59.97,68.857,7.81,30.015,0.145,干层,马五41a,0.0212805507326557,0.582,0.881,单采,干层,非气层类
靖11-1,3718.625,20.051,84.212,165.541,0.178,23.5,1.512,2.658,0.122,10.077,0.656,3.272,50.268,47.873,1.70129160640884,1.68009064374729,64.069,64.069,72.875,7.523,30.919,0.121,干层,马五41a,0.0212009626615577,0.534,0.834,单采,干层,非气层类
靖11-1,3718.75,20.161,84.345,163.861,0.156,23.5,1.548,2.669,0.179,9.704,0.615,3.304,50.776,48.361,1.7056584853059,1.68449527254423,68.167,68.167,77.082,6.715,34.239,0.076,干层,马五41a,0.0211632127616708,0.436,0.771,单采,干层,非气层类
靖11-1,3718.875,20.773,84.345,161.933,0.131,23.5,1.592,2.684,0.255,9.197,0.558,3.31,50.84,48.424,1.70620554188197,1.6850606609045,72.27,72.27,81.013,6.317,35.819,0.056,干层,马五41a,0.021144880977475,0.303,0.689,单采,干层,非气层类
靖11-1,3719.0,21.537,84.345,160.214,0.108,23.5,1.627,2.701,0.342,8.62,0.494,3.292,50.725,48.315,1.70522205570538,1.68408198387537,76.372,76.372,82.687,6.22,36.491,0.052,干层,马五41a,0.021140071830011,0.152,0.602,单采,干层,非气层类
延901,3601.0,38.112,58.508,157.208,0.064,22.382,1.957,2.766,0.551,6.227,0.34,3.207,306.76,284.591,2.48679872909759,2.45422116169296,180.071,180.071,191.362,0.0,100.0,0.1,干层,马五41a,0.0325775674046369,-0.211,0.404,单采,干层,非气层类
延901,3601.125,34.874,58.151,157.235,0.065,22.34,1.903,2.769,0.567,6.269,0.347,3.178,263.11,244.631,2.42013735459383,2.38851149062287,175.474,175.474,187.042,0.0,100.0,0.1,干层,马五41a,0.0316258639709535,-0.22,0.412,单采,干层,非气层类
延901,3601.25,30.748,57.859,157.544,0.07,22.329,1.855,2.771,0.578,6.244,0.343,3.141,223.702,208.769,2.34966986690879,2.31966601095639,172.183,172.183,183.864,0.694,100.0,0.1,干层,马五41a,0.0300038559524003,-0.235,0.413,单采,干层,非气层类
延901,3601.375,26.377,57.607,158.101,0.078,22.326,1.745,2.775,0.599,6.19,0.334,3.099,192.206,180.27,2.28376694070099,2.2559234587329,169.224,169.224,180.653,1.415,100.0,0.1,干层,马五41a,0.0278434819680933,-0.265,0.412,单采,干层,非气层类
延901,3601.5,22.857,57.367,158.753,0.088,22.321,1.572,2.777,0.61,6.131,0.325,3.054,172.062,161.975,2.2356849667102,2.20944798861736,165.902,165.902,176.865,1.437,100.0,0.1,干层,马五41a,0.0262369780928333,-0.285,0.413,单采,干层,非气层类
延901,3601.625,21.888,57.109,159.288,0.097,22.312,1.432,2.779,0.62,6.079,0.316,3.01,166.419,156.509,2.22120290803702,2.19453931656587,163.058,163.058,174.183,1.408,100.0,0.1,干层,马五41a,0.0266635914711535,-0.304,0.413,单采,干层,非气层类
延901,3601.75,22.641,56.887,159.688,0.103,22.306,1.451,2.78,0.626,6.026,0.308,2.974,170.677,159.934,2.23217500063386,2.20394079922302,161.857,161.857,174.149,1.351,100.0,0.1,干层,马五41a,0.0282342014108488,-0.318,0.411,单采,干层,非气层类
延901,3601.875,22.516,56.754,160.118,0.11,22.307,1.546,2.78,0.626,5.973,0.299,2.951,180.904,168.997,2.25744816972727,2.22787899517574,169.031,169.031,185.945,1.334,100.0,0.1,干层,马五41a,0.0295691745515203,-0.327,0.409,单采,干层,非气层类
延901,3602.0,21.485,56.696,160.742,0.119,22.308,1.522,2.778,0.615,5.936,0.293,2.946,194.072,181.069,2.28796288148486,2.2578441030951,190.355,190.355,215.506,1.37,100.0,0.1,干层,马五41a,0.0301187783897667,-0.322,0.412,单采,干层,非气层类
延901,3602.125,21.186,56.622,161.449,0.13,22.303,1.468,2.775,0.599,5.913,0.289,2.966,209.211,195.052,2.32058451534681,2.29015040778552,208.32,208.32,227.587,1.414,100.0,0.1,干层,马五41a,0.0304341075612862,-0.31,0.419,单采,干层,非气层类
延901,3602.25,21.952,56.477,161.774,0.135,22.301,1.452,2.772,0.583,5.89,0.285,3.006,225.276,209.64,2.35271492619892,2.32147415103056,212.305,212.305,227.858,1.439,100.0,0.1,干层,马五41a,0.0312407751683668,-0.298,0.42,单采,干层,非气层类
延901,3602.375,22.778,56.297,161.364,0.129,22.31,1.434,2.77,0.572,5.877,0.283,3.063,240.186,222.986,2.38054768957837,2.34827759706784,212.791,212.791,229.534,1.449,100.0,0.1,干层,马五41a,0.0322700925105215,-0.289,0.412,单采,干层,非气层类
延901,3602.5,22.845,56.159,160.254,0.112,22.333,1.457,2.769,0.567,5.879,0.283,3.131,250.87,232.704,2.39944872981423,2.36680384853382,220.07,220.07,240.569,1.452,100.0,0.1,干层,马五41a,0.0326448812804143,-0.284,0.395,单采,干层,非气层类
延901,3602.625,22.377,56.094,158.965,0.092,22.36,1.572,2.771,0.578,5.891,0.285,3.203,255.201,237.116,2.40688237182668,2.37496086008221,232.251,232.251,253.865,1.444,100.0,0.1,干层,马五41a,0.0319215117444629,-0.293,0.377,单采,干层,非气层类
延901,3602.75,21.915,56.039,158.158,0.079,22.385,1.545,2.772,0.583,5.898,0.287,3.27,256.364,238.58,2.40885703918124,2.37763403424759,244.469,244.469,267.57,1.442,100.0,0.1,干层,马五41a,0.0312230049336488,-0.296,0.366,单采,干层,非气层类
延901,3602.875,21.268,55.975,158.017,0.077,22.406,1.348,2.771,0.578,5.891,0.285,3.327,256.603,238.724,2.40926172949733,2.37789608278392,264.225,264.225,292.923,1.469,100.0,0.1,干层,马五41a,0.0313656467134065,-0.293,0.362,单采,干层,非气层类
延901,3603.0,20.69,55.906,158.286,0.081,22.436,1.28,2.768,0.561,5.88,0.284,3.367,255.462,237.303,2.40732630792405,2.3753032286312,292.409,292.409,325.521,1.53,100.0,0.1,干层,马五41a,0.0320230792928462,-0.277,0.365,单采,干层,非气层类
延901,3603.125,21.227,55.811,158.359,0.082,22.474,1.349,2.764,0.54,5.904,0.288,3.38,249.851,232.127,2.39768109199599,2.36572565863355,309.229,309.229,335.163,1.584,100.0,0.1,干层,马五41a,0.0319554333624339,-0.252,0.37,单采,干层,非气层类
延901,3603.25,21.422,55.73,157.842,0.074,22.49,1.36,2.763,0.535,5.951,0.295,3.368,240.242,223.831,2.38064893468105,2.34992023499212,311.651,311.651,334.543,1.616,100.0,0.1,干层,马五41a,0.0307286996889351,-0.24,0.369,单采,干层,非气层类
延901,3603.375,21.504,55.761,156.784,0.058,22.47,1.356,2.766,0.551,5.977,0.3,3.332,230.362,215.642,2.36241084041349,2.33373335109639,319.587,319.587,349.728,1.583,100.0,0.1,干层,马五41a,0.0286774893171047,-0.251,0.358,单采,干层,非气层类
延901,3603.5,21.84,55.942,155.619,0.039,22.442,1.361,2.773,0.588,5.95,0.295,3.278,226.547,213.059,2.35515831550186,2.32849988431343,328.795,328.795,351.828,1.456,100.0,0.1,干层,马五41a,0.0266584311884306,-0.293,0.334,单采,干层,非气层类
延901,3603.625,22.611,56.212,155.107,0.031,22.437,1.257,2.78,0.626,5.881,0.284,3.219,238.973,224.885,2.37834883562008,2.35196048863047,314.176,314.176,330.293,1.293,100.0,0.1,干层,马五41a,0.0263883469896147,-0.342,0.315,单采,干层,非气层类
延901,3603.75,22.977,56.475,155.532,0.038,22.442,1.127,2.784,0.647,5.812,0.273,3.172,269.99,252.862,2.4313476788803,2.4028835686473,308.918,308.918,333.173,1.189,100.0,0.1,干层,马五41a,0.0284641102329943,-0.374,0.311,单采,干层,非气层类
延901,3603.875,23.369,56.711,156.683,0.056,22.449,1.046,2.783,0.642,5.735,0.26,3.148,316.999,294.781,2.50105789220145,2.46949948779937,317.088,317.088,344.7,1.159,100.0,0.1,干层,马五41a,0.0315584044020816,-0.382,0.316,单采,干层,非气层类
延901,3604.0,24.059,56.921,157.947,0.076,22.457,1.0,2.775,0.599,5.615,0.24,3.148,371.329,343.72,2.56975886802002,2.53620480312044,328.647,328.647,357.426,1.211,100.0,0.1,干层,马五41a,0.033554064899576,-0.359,0.316,单采,干层,非气层类
延906,3546.0,23.996,33.094,160.075,0.099,21.818,1.398,2.733,0.6,8.115,0.74,4.001,132.09,128.127,2.12086994017919,2.10764065757786,112.756,,118.616,2.104,100.0,0.1,干层,马五41a,0.013229282601332,0.14,0.839,单采,干层,非气层类
延906,3546.125,24.286,32.387,159.785,0.096,21.824,1.451,2.723,0.579,8.032,0.731,4.029,142.009,137.748,2.1523158692174,2.13908530193203,123.257,,129.663,2.226,100.0,0.1,干层,马五41a,0.013230567285369,0.152,0.827,单采,干层,非气层类
延906,3546.25,23.125,31.794,158.971,0.088,21.853,1.415,2.718,0.569,7.954,0.722,4.053,154.117,149.493,2.18785054656386,2.17462085732568,135.83,,142.888,2.31,100.0,0.1,干层,马五41a,0.0132296892381829,0.153,0.81,单采,干层,非气层类
延906,3546.375,21.828,31.294,158.248,0.08,21.857,1.346,2.722,0.577,7.915,0.718,4.07,165.096,160.143,2.21773655116121,2.20450795999757,147.879,,155.564,2.269,100.0,0.1,干层,马五41a,0.0132285911636414,0.141,0.798,单采,干层,非气层类
延906,3546.5,20.385,30.875,158.013,0.078,21.869,1.386,2.73,0.594,7.923,0.719,4.079,175.334,170.074,2.24386614074075,2.23063792607824,156.529,,164.663,2.168,100.0,0.1,干层,马五41a,0.0132282146625147,0.125,0.797,单采,干层,非气层类
延906,3546.625,19.005,30.535,158.401,0.082,21.862,1.298,2.738,0.611,7.972,0.724,4.077,177.094,171.781,2.24820384740671,2.23497512659955,160.626,,168.973,2.106,100.0,0.1,干层,马五41a,0.0132287208071671,0.113,0.806,单采,干层,非气层类
延906,3546.75,19.28,30.237,158.632,0.084,21.857,1.208,2.74,0.615,8.072,0.735,4.061,171.796,166.642,2.23501304774813,2.22178446927617,160.233,,168.56,2.118,100.0,0.1,干层,马五41a,0.013228578471955,0.12,0.819,单采,干层,非气层类
延906,3546.875,18.754,29.966,158.473,0.082,21.859,1.187,2.738,0.611,8.19,0.748,4.032,164.793,159.85,2.21693875999496,2.20371264060771,157.212,,165.381,2.219,100.0,0.1,干层,马五41a,0.013226119387252,0.137,0.83,单采,干层,非气层类
延906,3547.0,17.238,29.726,158.257,0.08,21.85,1.204,2.736,0.607,8.248,0.754,3.993,155.055,150.404,2.19048577532922,2.17725938648719,155.581,,163.666,2.308,100.0,0.1,干层,马五41a,0.0132263888420288,0.147,0.834,单采,干层,非气层类
延906,3547.125,18.429,29.546,158.826,0.086,21.915,1.146,2.734,0.603,8.209,0.75,3.948,147.136,142.722,2.16771894525317,2.15449092295468,157.644,,165.836,2.301,100.0,0.1,干层,马五41a,0.0132280222984873,0.147,0.836,单采,干层,非气层类
延906,3547.25,19.817,29.419,161.458,0.113,22.147,1.142,2.726,0.586,8.138,0.742,3.904,139.949,135.75,2.14596979957936,2.13273983826088,162.283,,170.716,2.369,100.0,0.1,干层,马五41a,0.0132299613184776,0.156,0.855,单采,干层,非气层类
延906,3547.375,19.906,29.322,165.864,0.159,22.503,1.179,2.716,0.565,8.096,0.738,3.867,136.111,132.028,2.13389322473497,2.12066604450852,165.466,,174.065,2.54,100.0,0.1,干层,马五41a,0.0132271802264525,0.173,0.897,单采,干层,非气层类
延906,3547.5,19.268,29.245,171.643,0.219,22.773,1.09,2.707,0.546,8.066,0.734,3.839,135.371,131.31,2.13152563710453,2.11829780133278,165.7,,174.311,2.711,100.0,0.1,干层,马五41a,0.0132278357717523,0.188,0.953,单采,干层,非气层类
延906,3547.625,20.555,29.216,175.637,0.261,22.747,1.114,2.697,0.525,7.982,0.725,3.827,136.842,132.736,2.13621941294518,2.12298872603691,166.53,,175.184,2.81,100.0,0.1,干层,马五41a,0.013230686908273,0.2,0.986,单采,干层,非气层类
延906,3547.75,22.376,29.254,175.967,0.264,22.722,1.231,2.682,0.494,7.871,0.713,3.833,141.799,137.545,2.15167316811071,2.1384448076528,173.77,,182.8,3.007,100.0,0.1,干层,马五41a,0.0132283604579038,0.219,0.977,单采,干层,非气层类
延906,3547.875,22.426,29.346,171.945,0.222,22.807,1.202,2.665,0.458,7.793,0.705,3.856,150.91,146.383,2.17871801910577,2.16549064342399,189.552,,199.402,3.321,100.0,0.1,干层,马五41a,0.0132273756817813,0.247,0.927,单采,干层,非气层类
延906,3548.0,22.641,29.46,166.358,0.164,22.269,1.015,2.654,0.435,7.744,0.7,3.893,167.86,162.824,2.22494721877709,2.211718419591,210.678,,221.627,3.526,100.0,0.1,干层,马五41a,0.0132287991860904,0.265,0.864,单采,干层,非气层类
延906,3548.125,23.537,29.584,161.6,0.115,22.004,0.966,2.663,0.454,7.652,0.69,3.936,182.921,177.433,2.26226356693396,2.2490343955694,235.965,,248.228,3.254,100.0,0.1,干层,马五41a,0.0132291713645607,0.236,0.805,单采,干层,非气层类
延906,3548.25,23.419,29.731,158.415,0.082,21.889,1.02,2.691,0.513,7.534,0.677,3.973,200.171,194.166,2.30140115879637,2.28817318383598,267.082,,280.961,2.629,100.0,0.1,干层,马五41a,0.0132279749603885,0.164,0.759,单采,干层,非气层类
延906,3548.375,22.218,29.914,155.593,0.053,21.964,1.152,2.726,0.586,7.441,0.667,3.997,217.002,210.491,2.3364637365442,2.32323353136457,305.364,,321.233,1.97,100.0,0.1,干层,马五41a,0.0132302051796289,0.0810000000000001,0.72,单采,干层,非气层类
延906,3548.5,23.218,30.127,152.962,0.025,21.963,1.206,2.754,0.644,7.372,0.659,4.005,235.974,228.894,2.37286415433208,2.3596344086595,347.588,,365.651,1.487,100.0,0.1,干层,马五41a,0.0132297456725854,0.015,0.684,单采,干层,非气层类
延906,3548.625,24.337,30.363,150.947,0.004,21.998,1.133,2.76,0.657,7.307,0.652,3.998,254.749,247.107,2.40611248788814,2.39288504818765,385.46,,405.491,1.345,100.0,0.1,干层,马五41a,0.0132274397004961,-0.005,0.656,单采,干层,非气层类
延906,3548.75,25.861,30.628,151.044,0.005,22.256,1.197,2.738,0.611,7.266,0.648,3.984,264.927,256.98,2.42312622161723,2.40989932478021,400.393,,421.2,1.595,100.0,0.1,干层,马五41a,0.0132268968370131,0.037,0.653,单采,干层,非气层类
延906,3548.875,26.671,30.946,154.662,0.043,22.873,1.247,2.746,0.628,7.258,0.647,3.968,267.531,259.505,2.42737411289516,2.41414573001295,379.223,,398.93,1.457,100.0,0.1,干层,马五41a,0.0132283828822093,0.019,0.69,单采,干层,非气层类
延906,3549.0,25.112,31.331,160.861,0.107,23.362,1.322,2.753,0.642,7.245,0.646,3.956,260.679,252.859,2.41610604631422,2.40287841606932,330.273,,347.436,1.387,100.0,0.1,干层,马五41a,0.0132276302449021,0.004,0.753,单采,干层,非气层类
延906-1,3804.0,16.918,34.128,155.756,0.067,21.725,2.434,2.746,0.377,5.714,0.373,3.64,411.852,399.497,2.61474117930806,2.60151352235254,104.64,,108.954,3.038,38.425,0.1,干层,马五41a,0.0132276569555159,-0.004,0.44,单采,干层,非气层类
延906-1,3804.125,15.165,33.193,152.129,0.032,21.849,1.616,2.745,0.374,5.659,0.369,3.551,537.427,521.304,2.73031948133134,2.71709105731003,119.406,,131.167,3.105,34.191,0.1,干层,马五41a,0.0132284240213121,-0.005,0.401,单采,干层,非气层类
延906-1,3804.25,14.878,32.518,151.934,0.03,21.988,1.015,2.75,0.388,5.687,0.371,3.473,549.869,533.373,2.74025923612407,2.72703102738723,123.034,,153.705,3.018,31.217,0.1,干层,马五41a,0.0132282087368396,-0.017,0.401,单采,干层,非气层类
延906-1,3804.375,14.743,32.058,153.734,0.047,21.955,0.753,2.759,0.413,5.742,0.375,3.413,534.036,518.015,2.72757053432137,2.71434233565819,160.329,,187.741,2.866,30.14,0.1,干层,马五41a,0.0132281986631853,-0.038,0.422,单采,干层,非气层类
延906-1,3804.5,14.874,31.686,155.884,0.068,21.867,0.688,2.769,0.44,5.802,0.378,3.374,525.572,509.805,2.72063222000414,2.70740409057178,236.147,,235.897,2.701,31.733,0.1,干层,马五41a,0.0132281294323695,-0.062,0.446,单采,干层,非气层类
延906-1,3804.625,15.312,31.308,157.32,0.082,21.811,0.684,2.774,0.454,5.853,0.381,3.36,519.52,503.935,2.71560227128193,2.70237452263241,308.061,,268.378,2.63,35.19,0.1,干层,马五41a,0.0132277486495198,-0.073,0.463,单采,干层,非气层类
延906-1,3804.75,15.971,30.861,157.914,0.088,21.763,0.665,2.771,0.445,5.859,0.382,3.363,506.402,491.21,2.70449541222898,2.69126719954315,299.788,,262.625,2.67,37.808,0.1,干层,马五41a,0.0132282126858319,-0.063,0.47,单采,干层,非气层类
延906-1,3804.875,16.171,30.252,157.929,0.088,21.783,0.639,2.763,0.423,5.821,0.379,3.379,486.566,471.969,2.68714175825637,2.6739134741191,228.561,,228.41,2.799,37.28,0.1,干层,马五41a,0.0132282841372717,-0.044,0.467,单采,干层,非气层类
延906-1,3805.0,15.521,29.447,157.701,0.086,21.812,0.641,2.754,0.399,5.791,0.378,3.402,476.234,461.947,2.6778203979678,2.66459215103683,168.357,,194.082,2.957,33.335,0.1,干层,马五41a,0.013228246930971,-0.021,0.464,单采,干层,非气层类
延906-1,3805.125,15.72,28.602,157.459,0.084,21.913,0.654,2.748,0.383,5.812,0.379,3.418,474.193,459.967,2.67595513866829,2.66272667465549,164.703,,187.928,3.067,28.884,0.1,干层,马五41a,0.0132284640128066,-0.004,0.463,单采,干层,非气层类
延906-1,3805.25,15.455,27.943,157.332,0.083,22.013,0.715,2.747,0.38,5.857,0.382,3.421,472.377,458.206,2.67428874369115,2.66106077178012,215.498,,214.324,3.119,27.474,0.1,干层,马五41a,0.0132279719110313,0.002,0.465,单采,干层,非气层类
延906-1,3805.375,15.66,27.581,157.339,0.083,21.989,0.794,2.751,0.391,5.9,0.384,3.41,472.021,457.861,2.67396132062824,2.66073365246823,289.726,,255.902,3.058,30.576,0.1,干层,马五41a,0.0132276681600114,-0.00700000000000001,0.467,单采,干层,非气层类
延906-1,3805.5,17.267,27.55,157.381,0.083,21.858,0.882,2.755,0.402,5.915,0.385,3.387,474.198,459.972,2.675959717945,2.6627313955607,302.895,,269.921,2.94,36.894,0.1,干层,马五41a,0.0132283223843062,-0.017,0.468,单采,干层,非气层类
延906-1,3805.625,18.25,27.802,157.285,0.082,21.698,0.989,2.751,0.391,5.852,0.381,3.356,460.577,446.759,2.6633022466493,2.65007331016697,226.498,,227.76,2.943,39.932,0.1,干层,马五41a,0.013228936482327,-0.01,0.463,单采,干层,非气层类
延906-1,3805.75,18.779,28.042,157.008,0.079,21.674,1.071,2.738,0.355,5.707,0.372,3.32,435.34,422.279,2.63882857292623,2.62559948443014,154.541,,176.668,3.096,37.687,0.1,干层,马五41a,0.0132290884960908,0.017,0.451,单采,干层,非气层类
延906-1,3805.875,19.877,28.003,156.646,0.076,21.708,1.083,2.722,0.311,5.504,0.36,3.281,409.025,396.754,2.61174985331354,2.59852131392511,120.8,,148.862,3.248,33.356,0.1,干层,马五41a,0.0132285393884284,0.049,0.436,单采,干层,非气层类
延906-1,3806.0,19.727,27.604,156.369,0.073,21.738,1.07,2.712,0.284,5.283,0.346,3.24,392.872,381.086,2.59425107773313,2.58102299433914,118.425,,148.055,3.344,29.478,0.1,干层,马五41a,0.0132280833939902,0.062,0.419,单采,干层,非气层类
延906-1,3806.125,19.132,27.03,156.309,0.073,21.786,1.077,2.713,0.287,5.142,0.337,3.203,381.882,370.426,2.58192918839451,2.56870146197383,145.654,,170.899,3.281,29.731,0.1,干层,马五41a,0.0132277264206784,0.05,0.41,单采,干层,非气层类
延906-1,3806.25,19.404,26.573,156.301,0.073,21.826,1.062,2.721,0.309,5.1,0.335,3.173,382.033,370.572,2.58210087887741,2.56887260142408,183.383,,196.779,3.088,31.964,0.1,干层,马五41a,0.0132282774533259,0.026,0.408,单采,干层,非气层类
延906-1,3806.375,19.341,26.32,156.066,0.07,21.834,1.04,2.733,0.342,5.085,0.334,3.162,382.993,371.503,2.58319083639903,2.56996232517112,211.271,,210.839,2.869,37.398,0.1,干层,马五41a,0.0132285112279114,-0.00800000000000001,0.404,单采,干层,非气层类
延906-1,3806.5,20.168,26.198,155.381,0.063,21.864,1.022,2.734,0.344,5.139,0.337,3.144,377.972,366.633,2.57745962868406,2.56423155247807,209.247,,207.48,2.83,40.691,0.1,干层,马五41a,0.0132280762059924,-0.00699999999999995,0.4,单采,干层,非气层类
延906-1,3806.625,21.24,26.022,154.262,0.053,21.821,0.991,2.731,0.336,5.189,0.34,3.159,375.027,363.776,2.57406253580478,2.56083404323932,162.052,,179.727,2.858,40.29,0.1,干层,马五41a,0.0132284925654589,0.004,0.393,单采,干层,非气层类
延906-1,3806.75,22.002,25.657,153.158,0.042,21.734,0.976,2.727,0.325,5.217,0.342,3.199,376.765,365.462,2.57607055173,2.56284222657906,128.648,,157.165,2.902,36.738,0.1,干层,马五41a,0.0132283251509384,0.017,0.384,单采,干层,非气层类
延906-1,3806.875,22.408,25.094,152.456,0.035,21.677,0.964,2.723,0.314,5.225,0.342,3.262,389.981,378.282,2.5910434485748,2.57781567651173,122.538,,152.902,2.951,31.753,0.1,干层,马五41a,0.0132277720630722,0.028,0.377,单采,干层,非气层类
延906-1,3807.0,22.008,24.481,152.343,0.034,21.759,0.938,2.72,0.306,5.229,0.343,3.34,404.172,392.047,2.60656622341308,2.59333813492117,144.006,,172.412,3.017,27.845,0.1,干层,马五41a,0.0132280884919158,0.037,0.377,单采,干层,非气层类
延911-4,3628.0,20.61,50.195,166.399,0.299,22.53,1.858,2.677,0.766,7.159,0.368,3.321,225.457,198.195,2.35306372384831,2.29709269404532,50.697,,55.981,4.555,79.713,0.1,干层,马五41a,0.0559710298029845,-0.398,0.667,单采,干层,非气层类
延911-4,3628.125,22.462,49.58,163.727,0.253,22.437,1.856,2.702,0.798,6.891,0.348,3.342,272.769,252.2,2.43579501153449,2.40174508223706,49.574,,54.74,4.007,90.4,0.1,干层,马五41a,0.0340499292974243,-0.45,0.601,单采,干层,非气层类
延911-4,3628.25,23.179,49.03,160.654,0.2,22.348,1.801,2.729,0.832,6.878,0.347,3.391,295.362,276.33,2.47035462011648,2.4414280370236,49.721,,55.199,3.342,99.292,0.1,干层,马五41a,0.0289265830928822,-0.485,0.547,单采,干层,非气层类
延911-4,3628.375,21.973,48.543,158.216,0.159,22.251,1.701,2.771,0.886,7.009,0.357,3.492,285.24,259.95,2.4552104277758,2.4148898217696,52.439,,59.018,2.783,100.0,0.1,干层,马五41a,0.0403206060062069,-0.529,0.516,单采,干层,非气层类
延911-4,3628.5,19.582,48.114,156.889,0.136,22.325,1.516,2.782,0.9,7.157,0.368,3.732,253.815,223.762,2.40451728452279,2.34978633513448,56.53,,63.49,2.443,100.0,0.1,干层,马五41a,0.0547309493883059,-0.532,0.504,单采,干层,非气层类
延911-4,3628.625,17.144,47.747,156.674,0.132,22.49,1.323,2.776,0.892,7.291,0.377,3.936,220.038,193.824,2.34249768884585,2.28740755198321,62.591,,69.908,2.406,100.0,0.1,干层,马五41a,0.0550901368626393,-0.515,0.509,单采,干层,非气层类
延911-4,3628.75,16.568,47.431,157.353,0.144,22.413,1.306,2.759,0.871,7.409,0.386,3.965,192.951,170.943,2.28544703371517,2.23285132143202,76.75,,85.8,2.514,100.0,0.1,干层,马五41a,0.0525957122831531,-0.485,0.53,单采,干层,非气层类
延911-4,3628.875,16.718,47.156,158.593,0.165,22.263,1.378,2.734,0.839,7.487,0.392,3.915,173.516,151.903,2.2393395274919,2.18156635102263,91.166,,100.848,2.738,92.693,0.1,干层,马五41a,0.0577731764692695,-0.447,0.557,单采,干层,非气层类
延911-4,3629.0,17.125,46.915,159.882,0.187,22.353,1.422,2.707,0.805,7.502,0.393,3.891,163.58,141.294,2.21373020385484,2.15012372007774,112.792,,120.845,3.006,79.896,0.1,干层,马五41a,0.0636064837771046,-0.412,0.58,单采,干层,非气层类
延911-4,3629.125,17.497,46.703,160.931,0.205,22.731,1.482,2.703,0.799,7.462,0.39,3.866,167.064,145.77,2.22288287547239,2.16366815378267,142.217,,148.761,3.236,66.464,0.1,干层,马五41a,0.0592147216897256,-0.409,0.595,单采,干层,非气层类
延911-4,3629.25,17.628,46.508,161.67,0.218,23.197,1.581,2.71,0.808,7.404,0.386,3.797,178.069,158.829,2.25058831979582,2.20092980155525,159.931,,166.479,3.405,60.057,0.1,干层,马五41a,0.0496585182405753,-0.422,0.604,单采,干层,非气层类
延911-4,3629.375,17.481,46.323,162.289,0.228,23.612,1.621,2.735,0.84,7.352,0.382,3.742,188.622,170.934,2.27559234546062,2.23282845560403,190.847,,193.943,3.539,54.143,0.1,干层,马五41a,0.0427638898565879,-0.458,0.61,单采,干层,非气层类
延911-4,3629.5,17.41,46.147,163.074,0.242,23.785,1.613,2.755,0.865,7.331,0.38,3.69,192.94,174.155,2.28542227418825,2.24093594759263,201.989,,204.567,3.687,50.243,0.1,干层,马五41a,0.0444863265956128,-0.485,0.622,单采,干层,非气层类
延911-4,3629.625,17.41,45.981,164.024,0.258,23.818,1.565,2.764,0.877,7.277,0.376,3.646,192.561,170.061,2.28456833263337,2.23060472850511,207.613,,212.963,3.879,47.208,0.1,干层,马五41a,0.0539636041282603,-0.501,0.634,单采,干层,非气层类
延911-4,3629.75,17.049,45.824,164.807,0.271,23.817,1.495,2.766,0.879,7.172,0.369,3.613,197.228,171.763,2.2949685707587,2.2349296168501,208.919,,217.088,4.07,44.732,0.1,干层,马五41a,0.0600389539085948,-0.51,0.64,单采,干层,非气层类
延911-4,3629.875,15.713,45.676,164.781,0.271,23.788,1.341,2.753,0.863,7.033,0.358,3.574,214.484,186.929,2.33139490038609,2.27167668266814,208.797,,217.985,4.169,43.721,0.1,干层,马五41a,0.0597182177179509,-0.505,0.629,单采,干层,非气层类
延911-4,3630.0,15.468,45.54,163.699,0.253,23.578,1.312,2.737,0.843,6.908,0.349,3.569,247.977,217.073,2.39441140164758,2.33660580834511,208.84,,220.104,4.059,44.532,0.1,干层,马五41a,0.0578055933024677,-0.494,0.602,单采,干层,非气层类
延911-4,3630.125,16.237,45.419,161.69,0.218,23.379,1.369,2.683,0.774,6.851,0.345,3.567,298.267,263.833,2.47460520605835,2.42132911578035,210.721,,223.375,3.68,48.132,0.1,干层,马五41a,0.0532760902780018,-0.429,0.563,单采,干层,非气层类
延911-4,3630.25,17.403,45.316,159.132,0.174,23.344,1.457,2.622,0.697,6.893,0.348,3.556,354.607,319.016,2.5497473043934,2.50381246530625,220.657,,234.627,3.139,54.049,0.1,干层,马五41a,0.0459348390871499,-0.349,0.522,单采,干层,非气层类
延911-4,3630.375,18.422,45.23,156.538,0.13,23.444,1.53,2.545,0.599,7.02,0.357,3.531,405.137,368.497,2.60760190786402,2.56643395654039,232.937,,246.767,2.564,62.362,0.1,干层,马五41a,0.0411679513236338,-0.242,0.487,单采,干层,非气层类
延911-4,3630.5,20.771,45.16,154.419,0.094,23.6,1.66,2.453,0.482,7.124,0.365,3.497,440.869,400.038,2.64430956219157,2.60210124734411,248.091,,260.778,2.006,74.351,0.1,干层,马五41a,0.0422083148474566,-0.117,0.459,单采,干层,非气层类
延911-4,3630.625,22.358,45.107,153.088,0.071,24.175,1.721,2.418,0.438,7.161,0.368,3.483,460.107,413.134,2.66285884060722,2.61609093790751,271.611,,284.855,1.629,85.553,0.1,干层,马五41a,0.0467679026997101,-0.07,0.439,单采,干层,非气层类
延911-4,3630.75,24.038,45.069,152.676,0.064,25.166,1.747,2.407,0.424,7.155,0.367,3.474,474.606,423.551,2.67633322429518,2.62690571144367,295.841,,310.099,1.44,90.166,0.1,干层,马五41a,0.0494275128515143,-0.057,0.431,单采,干层,非气层类
延911-4,3630.875,24.247,45.041,153.152,0.072,25.668,1.736,2.422,0.443,7.225,0.373,3.469,490.156,438.773,2.69033432320562,2.64223989531155,318.415,,328.732,1.456,86.737,0.1,干层,马五41a,0.0480944278940649,-0.07,0.445,单采,干层,非气层类
延911-4,3631.0,23.603,45.023,154.094,0.088,25.527,1.707,2.443,0.47,7.412,0.386,3.46,504.388,455.667,2.70276474563345,2.65864757754701,351.787,,350.783,1.632,75.878,0.1,干层,马五41a,0.044117168086439,-0.084,0.474,单采,干层,非气层类
延1059-1,3872.0,25.448,55.364,169.13,0.24,22.332,1.537,2.83,0.682,6.321,0.475,3.387,214.463,195.186,2.33135237679167,2.29044866404382,71.873,79.836,87.258,3.683,44.862,0.01,干层,马五41a,0.0409037127478569,-0.207,0.715,单采,干层,非气层类
延1059-1,3872.125,24.873,55.352,169.845,0.251,22.276,1.575,2.826,0.67,6.667,0.502,3.383,184.314,167.747,2.26555832432285,2.22465476195521,63.256,70.264,76.796,4.057,42.681,0.01,干层,马五41a,0.0409035623676384,-0.168,0.753,单采,干层,非气层类
延1059-1,3872.25,24.813,55.367,170.261,0.257,22.253,1.637,2.819,0.651,7.262,0.548,3.377,159.072,144.774,2.20159374145891,2.16069057380585,56.754,63.042,68.902,4.293,43.686,0.012,干层,马五41a,0.0409031676530573,-0.103,0.805,单采,干层,非气层类
延1059-1,3872.375,25.192,55.406,170.38,0.259,22.25,1.732,2.81,0.626,7.82,0.591,3.365,139.727,127.168,2.14528033466116,2.1043778410937,49.475,54.956,60.065,4.578,44.88,0.014,干层,马五41a,0.0409024935674553,-0.035,0.85,单采,干层,非气层类
延1059-1,3872.5,26.018,55.463,170.217,0.256,22.245,1.838,2.805,0.612,8.39,0.636,3.343,126.871,115.467,2.10336236299867,2.06245788236079,39.628,44.018,48.11,4.736,45.58,0.016,干层,马五41a,0.0409044806378751,0.024,0.892,单采,干层,非气层类
延1059-1,3872.625,27.36,55.538,169.732,0.249,22.211,1.945,2.801,0.601,8.998,0.683,3.296,119.35,108.622,2.07682242334277,2.03591779496708,35.683,39.637,43.321,4.965,45.24,0.019,干层,马五41a,0.040904628375694,0.0820000000000001,0.932,单采,干层,非气层类
延1059-1,3872.75,28.978,55.62,169.441,0.245,22.16,2.036,2.79,0.57,9.537,0.725,3.196,115.821,105.41,2.06378731031767,2.02288181333203,32.669,36.288,39.661,5.219,43.214,0.025,干层,马五41a,0.0409054969856411,0.155,0.97,单采,干层,非气层类
延1059-1,3872.875,29.518,55.711,169.943,0.252,22.157,2.12,2.776,0.531,9.843,0.749,3.118,113.565,103.357,2.05524450523993,2.01433989517158,32.531,36.135,39.494,5.707,38.94,0.036,干层,马五41a,0.0409046100683499,0.218,1.001,单采,干层,非气层类
延1059-1,3873.0,29.089,55.826,171.517,0.276,22.202,2.17,2.756,0.475,9.895,0.753,3.02,110.384,100.462,2.04290612760252,2.00200181985496,33.322,37.013,40.454,5.949,36.591,0.043,干层,马五41a,0.0409043077475557,0.278,1.029,单采,干层,非气层类
延1059-1,3873.125,28.339,55.954,173.465,0.305,22.259,2.166,2.739,0.427,9.787,0.745,2.926,106.092,96.556,2.02568263661721,1.98477926605874,34.491,38.312,41.874,5.831,36.79,0.04,干层,马五41a,0.0409033705584698,0.318,1.05,单采,干层,非气层类
延1059-1,3873.25,28.23,56.092,174.867,0.327,22.286,2.141,2.732,0.408,9.698,0.738,2.857,101.414,92.299,2.00609791262111,1.96519699575143,35.661,39.612,43.295,5.466,38.507,0.03,干层,马五41a,0.0409009168696817,0.33,1.065,单采,干层,非气层类
延1059-1,3873.375,28.996,56.256,175.117,0.33,22.288,2.121,2.729,0.399,9.704,0.738,2.792,97.112,88.383,1.98727289841242,1.94636873881185,36.945,41.038,44.853,5.574,36.537,0.033,干层,马五41a,0.0409041596005639,0.339,1.068,单采,干层,非气层类
延1059-1,3873.5,30.099,56.435,174.453,0.32,22.297,2.106,2.725,0.388,9.805,0.746,2.731,94.114,85.655,1.97365423204041,1.93275271942097,38.861,43.167,47.179,5.772,33.796,0.038,干层,马五41a,0.0409015126194414,0.358,1.066,单采,干层,非气层类
延1059-1,3873.625,30.745,56.63,173.434,0.305,22.346,2.087,2.72,0.374,9.982,0.76,2.694,92.112,83.833,1.96431621211106,1.92341500785183,42.038,46.696,51.036,5.708,31.952,0.036,干层,马五41a,0.0409012042592334,0.386,1.065,单采,干层,非气层类
延1059-1,3873.75,30.728,56.839,172.513,0.291,22.426,2.068,2.712,0.352,10.192,0.776,2.671,90.735,82.579,1.95777484356303,1.91686961943101,48.084,53.411,58.376,5.688,29.313,0.035,干层,马五41a,0.0409052241320196,0.424,1.067,单采,干层,非气层类
延1059-1,3873.875,30.178,57.062,172.103,0.285,22.523,2.054,2.703,0.327,10.411,0.793,2.652,89.53,81.483,1.95196858449291,1.91106701025769,58.286,64.744,70.762,5.751,27.199,0.037,干层,马五41a,0.040901574235219,0.466,1.078,单采,干层,非气层类
延1059-1,3874.0,29.603,57.297,172.456,0.29,22.626,2.047,2.698,0.313,10.601,0.808,2.636,88.682,80.711,1.94783547897526,1.90693272820093,67.613,75.103,82.085,5.8,24.713,0.038,干层,马五41a,0.0409027507743247,0.495,1.098,单采,干层,非气层类
延874,3369.0,12.689,26.576,166.228,0.257,22.876,2.226,2.758,0.578,9.45,0.522,2.684,100.973,94.566,2.00420525973689,1.97573501941942,53.79,56.372,57.6,2.811,100.0,0.1,干层,马五41a,0.0284702403174708,-0.0559999999999999,0.779,单采,干层,非气层类
延874,3369.125,12.695,26.013,162.327,0.201,22.842,2.219,2.745,0.549,9.494,0.525,2.701,102.605,95.691,2.01116852470855,1.98087109311497,53.44,56.164,57.48,3.149,100.0,0.105,干层,马五41a,0.030297431593574,-0.024,0.726,单采,干层,非气层类
延874,3369.25,13.062,25.591,157.933,0.139,22.818,2.245,2.729,0.514,9.514,0.526,2.699,107.685,100.371,2.03215521238878,2.0016082510634,48.911,51.618,52.963,3.513,100.0,0.153,干层,马五41a,0.030546961325379,0.012,0.665,单采,干层,非气层类
延874,3369.375,13.5,25.422,156.034,0.112,22.812,2.296,2.714,0.481,9.516,0.526,2.73,113.478,106.211,2.05491167294142,2.02616949783687,42.079,44.442,45.716,3.8,100.0,0.216,干层,马五41a,0.0287421751045471,0.045,0.638,单采,干层,非气层类
延874,3369.5,13.896,25.51,155.941,0.111,22.817,2.353,2.702,0.455,9.487,0.524,2.766,117.305,110.515,2.06931652384725,2.04342122802216,33.066,34.834,35.719,4.001,100.0,0.27,干层,马五41a,0.02589529582509,0.069,0.635,单采,干层,非气层类
延874,3369.625,14.187,25.755,156.608,0.12,22.829,2.411,2.696,0.442,9.498,0.525,2.739,117.68,111.559,2.07070265971947,2.04750461265364,21.962,22.966,23.444,4.165,100.0,0.322,干层,马五41a,0.0231980470658377,0.083,0.645,单采,干层,非气层类
延874,3369.75,14.391,26.031,158.33,0.145,22.851,2.467,2.694,0.438,9.653,0.535,2.766,115.236,109.657,2.06158817491142,2.04003636026652,16.9,17.638,18.008,4.354,100.0,0.392,干层,马五41a,0.0215518146448961,0.097,0.68,单采,干层,非气层类
延874,3369.875,14.711,26.302,160.973,0.182,22.878,2.53,2.692,0.433,9.959,0.554,2.72,111.393,106.104,2.04685790038088,2.02573175661748,15.857,16.604,17.029,4.529,100.0,0.465,干层,马五41a,0.0211261437633996,0.121,0.736,单采,干层,非气层类
延874,3370.0,15.307,26.594,163.607,0.22,22.887,2.606,2.69,0.429,10.316,0.577,2.591,107.482,102.135,2.0313357390868,2.00917459323402,19.319,20.512,21.264,4.574,100.0,0.486,干层,马五41a,0.0221611458527717,0.148,0.797,单采,干层,非气层类
延874,3370.125,15.96,26.959,165.746,0.25,22.873,2.702,2.692,0.433,10.572,0.593,2.641,104.922,99.151,2.02086656042275,1.99629709869555,30.933,33.481,34.998,4.357,100.0,0.395,干层,马五41a,0.0245694617272005,0.16,0.843,单采,干层,非气层类
延874,3370.25,16.257,27.406,166.985,0.267,22.844,2.784,2.702,0.455,10.65,0.598,2.714,104.76,98.201,2.02019548975319,1.99211591031516,61.543,67.527,71.232,3.818,100.0,0.219,干层,马五41a,0.0280795794380306,0.143,0.865,单采,干层,非气层类
延874,3370.375,16.278,27.931,166.133,0.255,22.828,2.84,2.723,0.501,10.445,0.585,2.701,108.421,100.614,2.03511340859371,2.00265841511072,182.426,196.355,211.348,3.024,100.0,0.108,干层,马五41a,0.0324549934829887,0.084,0.84,单采,干层,非气层类
延874,3370.5,17.233,28.577,163.629,0.22,22.836,2.922,2.751,0.562,9.999,0.557,2.686,116.445,106.846,2.0661208452191,2.0287582680963,575.379,523.613,596.747,2.256,100.0,0.1,干层,马五41a,0.0373625771227966,-0.005,0.777,单采,干层,非气层类
延874,3370.625,19.702,29.476,160.237,0.172,22.863,3.116,2.781,0.628,9.436,0.521,2.727,130.246,118.105,2.1147643945082,2.07226828395089,597.439,601.139,703.542,1.717,100.0,0.1,干层,马五41a,0.0424961105573121,-0.107,0.693,单采,干层,非气层类
延874,3370.75,22.745,30.888,156.413,0.118,22.911,3.303,2.801,0.672,8.912,0.488,2.739,152.224,136.415,2.18248312973981,2.13486212735167,595.287,603.507,707.049,1.466,100.0,0.1,干层,马五41a,0.0476210023881354,-0.184,0.606,单采,干层,非气层类
延874,3370.875,24.558,32.964,152.577,0.063,23.015,3.365,2.809,0.689,8.45,0.459,2.723,182.929,162.136,2.26228256026924,2.20987945448762,666.414,647.168,706.842,1.459,100.0,0.1,干层,马五41a,0.0524031057816163,-0.23,0.522,单采,干层,非气层类
延874,3371.0,24.445,35.692,149.501,0.02,23.215,3.3,2.803,0.676,8.065,0.435,2.742,221.994,194.954,2.34634123660332,2.28993215032219,793.744,711.955,716.324,1.699,100.0,0.1,干层,马五41a,0.0564090862811288,-0.241,0.455,单采,干层,非气层类
子59-1,3840.0,35.743,60.718,167.096,0.104,22.136,2.3,2.68,0.513,5.869,0.493,2.538,323.262,304.513,2.50955465555414,2.48360583788104,155.921,163.268,171.5,2.939,61.018,0.1,干层,马五41a,0.0259488176730938,-0.02,0.597,单采,干层,非气层类
子59-1,3840.125,31.126,60.553,168.978,0.132,22.067,2.212,2.681,0.516,5.669,0.474,2.508,294.017,276.964,2.46837244195211,2.44242332279223,158.457,165.924,174.29,3.127,52.881,0.1,干层,马五41a,0.0259491191598769,-0.042,0.606,单采,干层,非气层类
子59-1,3840.25,28.748,60.395,170.769,0.16,22.041,2.068,2.689,0.533,5.564,0.465,2.463,262.362,247.145,2.41890093289341,2.39295182865731,148.084,155.061,162.88,3.138,55.038,0.1,干层,马五41a,0.0259491042361053,-0.068,0.625,单采,干层,非气层类
子59-1,3840.375,27.07,60.248,172.217,0.182,22.045,1.87,2.7,0.558,5.494,0.458,2.41,246.779,232.465,2.39230820004453,2.36635757464064,135.512,141.898,149.052,3.065,60.912,0.1,干层,马五41a,0.0259506254038882,-0.1,0.64,单采,干层,非气层类
子59-1,3840.5,25.928,60.116,173.262,0.198,22.06,1.59,2.715,0.592,5.448,0.454,2.361,249.681,235.2,2.39738549505816,2.3714373174041,128.691,134.755,141.549,2.926,69.211,0.1,干层,马五41a,0.0259481776540573,-0.138,0.652,单采,干层,非气层类
子59-1,3840.625,24.978,60.001,173.836,0.207,22.07,1.42,2.729,0.623,5.428,0.452,2.335,262.17,246.964,2.41858299406699,2.39263365066524,130.033,136.16,143.026,2.783,77.048,0.1,干层,马五41a,0.0259493434017508,-0.171,0.659,单采,干层,非气层类
子59-1,3840.75,24.357,59.901,173.773,0.206,22.069,1.381,2.736,0.638,5.433,0.452,2.341,274.422,258.505,2.43841892516739,2.41246894762884,137.134,143.596,150.836,2.721,78.911,0.1,干层,马五41a,0.0259499775385588,-0.186,0.658,单采,干层,非气层类
子59-1,3840.875,24.696,59.814,173.05,0.195,22.066,1.345,2.73,0.625,5.422,0.451,2.379,281.203,264.893,2.44901994962124,2.42307048188522,146.488,153.39,161.124,2.775,72.806,0.1,干层,马五41a,0.0259494677360195,-0.174,0.646,单采,干层,非气层类
子59-1,3841.0,25.74,59.739,171.716,0.174,22.075,1.375,2.717,0.596,5.4,0.449,2.445,282.809,266.406,2.4514932261579,2.42554400179536,155.577,162.907,171.121,2.895,63.655,0.1,干层,马五41a,0.0259492243625346,-0.147,0.623,单采,干层,非气层类
子59-1,3841.125,26.095,59.674,170.022,0.148,22.106,1.515,2.706,0.571,5.399,0.449,2.532,286.344,269.736,2.45688808741725,2.43093891292666,161.154,168.748,177.256,3.021,56.658,0.1,干层,马五41a,0.0259491744905898,-0.122,0.597,单采,干层,非气层类
子59-1,3841.25,25.798,59.623,168.431,0.124,22.16,1.822,2.703,0.565,5.411,0.45,2.627,295.581,278.438,2.47067651409235,2.44472850559413,161.545,169.157,177.686,3.07,54.807,0.1,干层,马五41a,0.025948008498224,-0.115,0.574,单采,干层,非气层类
子59-1,3841.375,25.998,59.586,167.427,0.109,22.22,2.211,2.71,0.58,5.394,0.449,2.721,304.956,287.269,2.48423718250847,2.45828876259016,159.411,166.923,175.339,2.974,59.631,0.1,干层,马五41a,0.0259484199183113,-0.131,0.558,单采,干层,非气层类
子59-1,3841.5,26.673,59.568,167.29,0.107,22.263,2.625,2.719,0.6,5.317,0.442,2.805,313.24,295.072,2.49587721529543,2.46992800034228,159.254,166.759,175.167,2.797,69.069,0.1,干层,马五41a,0.0259492149531435,-0.158,0.549,单采,干层,非气层类
子59-1,3841.625,27.347,59.572,168.07,0.119,22.275,3.18,2.724,0.612,5.193,0.43,2.873,321.009,302.39,2.50651720871498,2.48056742500169,164.857,172.625,181.329,2.658,76.621,0.1,干层,马五41a,0.0259497837132843,-0.182,0.549,单采,干层,非气层类
子59-1,3841.75,28.213,59.606,169.567,0.141,22.247,3.705,2.721,0.605,5.084,0.42,2.925,328.338,309.295,2.51632114844753,2.49037289934375,175.582,183.856,193.126,2.619,76.756,0.1,干层,马五41a,0.0259482491037808,-0.185,0.561,单采,干层,非气层类
子59-1,3841.875,29.468,59.667,171.195,0.166,22.199,4.137,2.713,0.587,5.059,0.418,2.961,336.506,316.989,2.52699281222615,2.50104419180075,186.834,195.638,205.502,2.641,72.782,0.1,干层,马五41a,0.025948620425396,-0.169,0.584,单采,干层,非气层类
子59-1,3842.0,30.303,59.753,172.433,0.185,22.153,4.3,2.705,0.569,5.126,0.424,2.985,343.85,323.907,2.53636902867804,2.51042033371108,193.633,202.757,212.98,2.712,67.095,0.1,干层,马五41a,0.0259486949669583,-0.145,0.609,单采,干层,非气层类
子59-1,3842.125,30.508,59.859,172.787,0.191,22.128,4.206,2.7,0.558,5.222,0.433,2.996,350.116,329.809,2.54421195810274,2.51826250272453,194.915,204.099,214.39,2.798,62.1,0.1,干层,马五41a,0.0259494553782167,-0.125,0.624,单采,干层,非气层类
子59-1,3842.25,30.785,59.977,171.869,0.177,22.139,3.994,2.698,0.554,5.303,0.44,2.992,358.741,337.934,2.5547810144128,2.52883188893247,195.352,204.557,214.871,2.831,60.348,0.1,干层,马五41a,0.0259491254803303,-0.114,0.617,单采,干层,非气层类
子59-1,3842.375,30.531,60.091,169.876,0.146,22.178,3.907,2.7,0.558,5.378,0.447,2.972,363.756,342.658,2.5608101655552,2.53486087569901,198.978,208.354,218.859,2.837,59.385,0.1,干层,马五41a,0.025949289856197,-0.111,0.593,单采,干层,非气层类
子59-1,3842.5,29.794,60.187,167.148,0.105,22.233,3.867,2.707,0.574,5.454,0.454,2.932,363.98,342.869,2.5610775206593,2.53512822078848,206.843,216.59,227.51,2.809,59.525,0.1,干层,马五41a,0.0259492998708248,-0.12,0.559,单采,干层,非气层类
子59-1,3842.625,28.864,60.249,164.248,0.06,22.29,3.503,2.719,0.6,5.528,0.461,2.875,366.05,344.819,2.56354041118945,2.53759118803381,219.184,229.512,241.085,2.731,61.964,0.1,干层,马五41a,0.02594922315564,-0.139,0.521,单采,干层,非气层类
子59-1,3842.75,28.373,60.257,161.88,0.024,22.335,3.018,2.735,0.636,5.576,0.466,2.813,372.333,350.738,2.5709315295914,2.54498282118882,234.736,245.796,258.189,2.578,69.487,0.1,干层,马五41a,0.025948708402578,-0.17,0.49,单采,干层,非气层类
子59-1,3842.875,28.952,60.204,160.505,0.003,22.365,2.77,2.75,0.67,5.59,0.467,2.751,378.465,356.514,2.57802572264799,2.55207658889578,250.024,261.805,275.005,2.373,84.268,0.1,干层,马五41a,0.025949133752206,-0.203,0.47,单采,干层,非气层类
子59-1,3843.0,30.827,60.083,160.294,0.0,22.376,2.819,2.759,0.69,5.583,0.466,2.699,384.805,362.486,2.58524070644868,2.55929123783071,262.44,274.806,288.662,2.187,100.0,0.1,干层,马五41a,0.0259494686179682,-0.224,0.466,单采,干层,非气层类
子59-3,3864.0,31.628,78.144,158.574,0.046,22.306,3.209,2.72,0.14,3.126,0.122,3.103,362.071,325.864,2.5587937414855,2.51303638419961,219.552,235.653,242.663,0.0,100.0,0.0,干层,马五41a,0.0457573572858889,-0.018,0.168,单采,干层,非气层类
子59-3,3864.125,31.397,77.707,158.803,0.049,22.296,3.028,2.719,0.137,3.187,0.126,3.226,353.108,317.798,2.54790755703208,2.50215115973197,211.536,229.099,233.803,0.0,100.0,0.0,干层,马五41a,0.0457563973001047,-0.011,0.175,单采,干层,非气层类
子59-3,3864.25,31.672,77.18,158.538,0.046,22.28,2.881,2.717,0.13,3.165,0.124,3.445,355.088,319.579,2.55033599581093,2.50457823345871,208.884,221.553,230.871,0.0,100.0,0.0,干层,马五41a,0.0457577623522174,-0.00600000000000001,0.17,单采,干层,非气层类
子59-3,3864.375,32.383,76.575,157.972,0.039,22.265,2.801,2.718,0.133,3.081,0.118,3.603,366.651,329.986,2.56425287382335,2.51849551487267,210.771,219.755,232.958,0.0,100.0,0.0,干层,马五41a,0.0457573589506834,-0.015,0.157,单采,干层,非气层类
子59-3,3864.5,32.909,75.97,157.385,0.033,22.251,2.779,2.724,0.153,3.012,0.113,3.628,384.948,346.454,2.58540206759083,2.53964557986455,216.29,223.66,239.058,0.0,100.0,0.0,干层,马五41a,0.0457564877262824,-0.04,0.146,单采,干层,非气层类
子59-3,3864.625,32.877,75.458,156.901,0.027,22.241,2.819,2.734,0.187,3.043,0.116,3.576,400.312,360.281,2.60239860898012,2.55664135950605,225.452,232.556,249.184,0.0,100.0,0.0,干层,马五41a,0.0457572494740774,-0.071,0.143,单采,干层,非气层类
子59-3,3864.75,33.081,75.112,156.508,0.023,22.236,2.932,2.745,0.223,3.148,0.123,3.569,408.626,367.763,2.61132599640629,2.56556803348244,230.646,238.477,254.924,0.0,100.0,0.0,干层,马五41a,0.04575796292385,-0.1,0.146,单采,干层,非气层类
子59-3,3864.875,33.588,74.929,156.257,0.02,22.24,3.179,2.755,0.257,3.279,0.133,3.634,408.616,367.755,2.61131536811059,2.56555858611105,234.91,243.83,259.638,0.0,100.0,0.0,干层,马五41a,0.0457567819995357,-0.124,0.153,单采,干层,非气层类
子59-3,3865.0,33.787,74.865,156.295,0.02,22.255,3.564,2.762,0.28,3.39,0.141,3.744,402.073,361.865,2.6043049103456,2.55854657967648,237.868,247.956,262.907,0.0,100.0,0.0,干层,马五41a,0.045758330669122,-0.139,0.161,单采,干层,非气层类
子59-3,3865.125,33.549,74.861,156.826,0.026,22.285,3.907,2.763,0.283,3.46,0.146,3.814,391.676,352.508,2.59292696090989,2.54716897754424,239.744,250.845,264.981,0.0,100.0,0.0,干层,马五41a,0.0457579833656445,-0.137,0.172,单采,干层,非气层类
子59-3,3865.25,32.764,74.879,157.816,0.037,22.319,4.134,2.759,0.27,3.523,0.151,3.788,381.061,342.955,2.58099450282227,2.5352371388947,240.772,252.65,266.116,0.0,100.0,0.0,干层,马五41a,0.0457573639275757,-0.119,0.188,单采,干层,非气层类
子59-3,3865.375,31.632,74.902,159.063,0.052,22.345,4.272,2.751,0.243,3.604,0.157,3.708,370.246,333.221,2.56849037526263,2.5227323633732,241.203,253.604,266.593,0.0,100.0,0.0,干层,马五41a,0.0457580118894287,-0.086,0.209,单采,干层,非气层类
子59-3,3865.5,31.409,74.919,160.175,0.064,22.35,4.24,2.739,0.203,3.675,0.162,3.647,356.9,321.21,2.55254654795566,2.50678905739499,241.399,253.939,266.809,0.0,100.0,0.0,干层,马五41a,0.0457574905606752,-0.041,0.226,单采,干层,非气层类
子59-3,3865.625,31.984,74.93,160.453,0.067,22.322,3.968,2.728,0.167,3.68,0.162,3.671,338.38,304.542,2.52940468608589,2.48364719552521,241.891,254.171,267.353,0.0,100.0,0.0,干层,马五41a,0.0457574905606752,-0.005,0.229,单采,干层,非气层类
子59-3,3865.75,32.009,74.928,159.651,0.058,22.279,3.635,2.718,0.133,3.652,0.16,3.752,320.691,288.622,2.50608677188608,2.46032943179715,243.101,254.789,268.691,0.0,100.0,0.0,干层,马五41a,0.0457573400889308,0.027,0.218,单采,干层,非气层类
子59-3,3865.875,31.276,74.924,158.054,0.04,22.252,3.301,2.712,0.113,3.639,0.159,3.829,308.294,277.464,2.48896507259466,2.44320664289807,245.338,256.222,271.163,0.0,100.0,0.0,干层,马五41a,0.0457584296965896,0.046,0.199,单采,干层,非气层类
子59-3,3866.0,30.193,74.931,156.698,0.025,22.262,2.969,2.71,0.107,3.673,0.162,3.851,304.626,274.163,2.48376696785965,2.43800884366983,248.958,258.936,275.164,0.0,100.0,0.0,干层,马五41a,0.0457581241898155,0.055,0.187,单采,干层,非气层类
延1000-4,3754.0,20.347,88.944,163.715,0.1,22.621,1.107,2.722,0.436,9.748,0.519,3.05,48.579,43.974,1.68644857059773,1.64319597207674,18.804,20.254,21.32,4.357,60.909,0.221,干层,马五41a,0.0432525985209844,0.083,0.619,单采,干层,非气层类
延1000-4,3754.125,19.769,89.164,164.497,0.107,22.315,1.112,2.726,0.453,9.794,0.522,3.042,47.109,42.492,1.67310388540802,1.62830717280574,17.734,19.102,20.107,4.304,64.139,0.209,干层,马五41a,0.0447967126022848,0.069,0.629,单采,干层,非气层类
延1000-4,3754.25,19.129,89.416,164.466,0.107,22.172,1.15,2.727,0.457,10.074,0.54,3.032,46.72,41.946,1.66950283410434,1.62269055251265,16.458,17.727,18.66,4.302,66.633,0.209,干层,马五41a,0.0468122815916914,0.083,0.647,单采,干层,非气层类
延1000-4,3754.375,18.901,89.658,163.84,0.101,22.172,1.209,2.727,0.457,10.502,0.569,3.03,48.415,43.162,1.68497993618928,1.63510156040475,16.208,17.458,18.377,4.31,66.899,0.211,干层,马五41a,0.0498783757845336,0.112,0.67,单采,干层,非气层类
延1000-4,3754.5,19.154,89.893,163.553,0.098,22.172,1.266,2.728,0.462,10.872,0.593,3.042,52.105,46.028,1.71687940023271,1.66302210442179,17.31,18.644,19.625,4.298,65.069,0.208,干层,马五41a,0.0538572958109127,0.131,0.691,单采,干层,非气层类
延1000-4,3754.625,19.48,90.131,164.257,0.105,22.454,1.321,2.73,0.47,11.046,0.605,3.055,57.124,50.006,1.75681861048214,1.69902211654718,18.86,20.314,21.384,4.257,63.437,0.199,干层,马五41a,0.0577964939349622,0.135,0.71,单采,干层,非气层类
延1000-4,3754.75,19.806,90.393,166.073,0.122,22.621,1.384,2.734,0.487,11.091,0.608,3.051,61.533,53.536,1.78910808933936,1.7286459192823,19.946,21.484,22.615,4.182,63.749,0.184,干层,马五41a,0.0604621700570624,0.121,0.73,单采,干层,非气层类
延1000-4,3754.875,20.368,90.677,167.706,0.137,22.621,1.434,2.741,0.517,11.15,0.611,3.032,63.632,55.202,1.80367557364191,1.74195481275146,20.381,21.952,23.107,4.067,66.43,0.163,干层,马五41a,0.0617207608904438,0.094,0.748,单采,干层,非气层类
延1000-4,3755.0,21.231,90.981,168.012,0.14,22.621,1.455,2.75,0.556,11.294,0.621,3.019,63.195,54.743,1.80068271818253,1.7383285937271,20.47,22.048,23.209,3.913,71.314,0.138,干层,马五41a,0.0623541244554273,0.0649999999999999,0.761,单采,干层,非气层类
延1000-4,3755.125,21.742,91.273,167.423,0.135,22.233,1.443,2.762,0.607,11.52,0.636,3.015,61.79,53.382,1.79091819521458,1.72739484095191,20.588,22.176,23.343,3.735,77.928,0.112,干层,马五41a,0.0635233542626696,0.029,0.771,单采,干层,非气层类
延1000-4,3755.25,20.991,91.534,166.05,0.122,22.172,1.418,2.775,0.662,11.819,0.656,2.964,60.896,52.359,1.78458876660693,1.71899134340528,21.216,22.851,24.054,3.575,83.869,0.1,干层,马五41a,0.0655974232016452,-0.00600000000000001,0.778,单采,干层,非气层类
延1000-4,3755.375,19.511,91.771,163.87,0.101,22.172,1.38,2.782,0.692,12.155,0.678,2.847,60.875,52.04,1.78443897422269,1.71633728788955,22.668,24.416,25.701,3.509,84.307,0.1,干层,马五41a,0.0681016863331421,-0.0139999999999999,0.779,单采,干层,非气层类
延1000-4,3755.5,18.484,92.015,162.996,0.093,22.172,1.311,2.778,0.675,12.357,0.691,2.739,61.272,52.112,1.78726205651586,1.7169377412208,24.443,26.327,27.713,3.582,77.814,0.1,干层,马五41a,0.0703243152950583,0.0159999999999999,0.784,单采,干层,非气层类
延1000-4,3755.625,19.03,92.284,165.16,0.113,22.525,1.234,2.767,0.628,12.141,0.677,2.685,61.967,52.517,1.79216047121853,1.72029990933179,25.961,27.963,29.435,3.729,69.593,0.111,干层,马五41a,0.0718605618867343,0.049,0.79,单采,干层,非气层类
延1000-4,3755.75,20.354,92.559,168.84,0.148,22.621,1.188,2.758,0.59,11.418,0.629,2.655,63.579,53.75,1.80331369284743,1.73037846858764,26.973,29.053,30.582,3.825,64.953,0.124,干层,马五41a,0.072935224259792,0.039,0.777,单采,干层,非气层类
延1000-4,3755.875,21.349,92.81,171.817,0.176,22.621,1.163,2.761,0.603,10.523,0.57,2.626,66.976,56.449,1.82591920665859,1.75165625275649,27.259,29.361,30.906,3.762,66.748,0.116,干层,马五41a,0.0742629539020996,-0.033,0.746,单采,干层,非气层类
延1000-4,3756.0,21.257,93.005,173.487,0.192,22.621,1.135,2.775,0.662,9.902,0.529,2.604,72.439,60.807,1.85997244637035,1.78395357740404,26.701,28.76,30.273,3.563,75.238,0.1,干层,马五41a,0.0760188689663159,-0.133,0.721,单采,干层,非气层类
